{
  "type": "FeatureCollection",
  "generator": "overpass-turbo",
  "copyright": "The data included in this document is from www.openstreetmap.org. The data is made available under ODbL.",
  "timestamp": "2026-04-16T11:54:00Z",
  "features": [
    {
      "type": "Feature",
      "properties": {
        "@id": "way/180338069",
        "amenity": "toilets",
        "building": "yes",
        "@geometry": "center"
      },
      "geometry": {
        "type": "Point",
        "coordinates": [
          -73.9772102,
          40.6923283
        ]
      },
      "id": "way/180338069"
    },
    {
      "type": "Feature",
      "properties": {
        "@id": "way/183933490",
        "access": "yes",
        "amenity": "toilets",
        "building": "yes",
        "fee": "no",
        "toilets:disposal": "flush",
        "@geometry": "center"
      },
      "geometry": {
        "type": "Point",
        "coordinates": [
          -73.9209925,
          40.5896312
        ]
      },
      "id": "way/183933490"
    },
    {
      "type": "Feature",
      "properties": {
        "@id": "way/241816211",
        "amenity": "toilets",
        "building": "yes",
        "height": "4.5",
        "nycdoitt:bin": "3000000",
        "opening_hours": "Mo-Su 08:00-16:00",
        "toilets:female": "yes",
        "toilets:male": "yes",
        "toilets:unisex": "no",
        "wikimedia_commons": "Category:Detective Dillon Stewart Playground Comfort Station",
        "@geometry": "center"
      },
      "geometry": {
        "type": "Point",
        "coordinates": [
          -73.9657174,
          40.6518867
        ]
      },
      "id": "way/241816211"
    },
    {
      "type": "Feature",
      "properties": {
        "@id": "way/241823715",
        "amenity": "toilets",
        "building": "yes",
        "height": "4.8",
        "nycdoitt:bin": "3395702",
        "opening_hours": "Mo-Su 08:00-16:00",
        "toilets:unisex": "no",
        "@geometry": "center"
      },
      "geometry": {
        "type": "Point",
        "coordinates": [
          -73.9976056,
          40.6963453
        ]
      },
      "id": "way/241823715"
    },
    {
      "type": "Feature",
      "properties": {
        "@id": "way/241834959",
        "amenity": "toilets",
        "building": "yes",
        "height": "4.4",
        "nycdoitt:bin": "3005203",
        "opening_hours": "Mo-Su 08:00-16:00",
        "toilets:female": "yes",
        "toilets:male": "yes",
        "toilets:unisex": "no",
        "@geometry": "center"
      },
      "geometry": {
        "type": "Point",
        "coordinates": [
          -74.0019383,
          40.6804643
        ]
      },
      "id": "way/241834959"
    },
    {
      "type": "Feature",
      "properties": {
        "@id": "way/241836159",
        "access": "yes",
        "amenity": "toilets",
        "building": "yes",
        "height": "4.8",
        "nycdoitt:bin": "3000000",
        "opening_hours": "Mo-Su 08:00-16:00",
        "unisex": "yes",
        "@geometry": "center"
      },
      "geometry": {
        "type": "Point",
        "coordinates": [
          -73.9544521,
          40.7134329
        ]
      },
      "id": "way/241836159"
    },
    {
      "type": "Feature",
      "properties": {
        "@id": "way/241845714",
        "amenity": "toilets",
        "building": "yes",
        "height": "5.9",
        "nycdoitt:bin": "3007377",
        "toilets:unisex": "no",
        "@geometry": "center"
      },
      "geometry": {
        "type": "Point",
        "coordinates": [
          -73.9947714,
          40.6808649
        ]
      },
      "id": "way/241845714"
    },
    {
      "type": "Feature",
      "properties": {
        "@id": "way/241846614",
        "addr:housenumber": "200",
        "addr:postcode": "11215",
        "addr:street": "Wellhouse Drive",
        "amenity": "toilets",
        "building": "yes",
        "height": "5.3",
        "name": "Wellhouse",
        "nycdoitt:bin": "3347250",
        "toilets:female": "yes",
        "toilets:male": "yes",
        "toilets:unisex": "no",
        "@geometry": "center"
      },
      "geometry": {
        "type": "Point",
        "coordinates": [
          -73.9703737,
          40.6568986
        ]
      },
      "id": "way/241846614"
    },
    {
      "type": "Feature",
      "properties": {
        "@id": "way/241846620",
        "access": "yes",
        "amenity": "toilets",
        "building": "yes",
        "building:levels": "1",
        "fee": "no",
        "height": "4.6",
        "nycdoitt:bin": "3000000",
        "operator": "NYC Parks and Recreation",
        "toilets:female": "yes",
        "toilets:male": "yes",
        "toilets:unisex": "no",
        "wheelchair": "yes",
        "@geometry": "center"
      },
      "geometry": {
        "type": "Point",
        "coordinates": [
          -73.9635989,
          40.6604682
        ]
      },
      "id": "way/241846620"
    },
    {
      "type": "Feature",
      "properties": {
        "@id": "way/245118715",
        "amenity": "toilets",
        "building": "yes",
        "height": "4.5",
        "nycdoitt:bin": "3395701",
        "@geometry": "center"
      },
      "geometry": {
        "type": "Point",
        "coordinates": [
          -73.9953876,
          40.7010559
        ]
      },
      "id": "way/245118715"
    },
    {
      "type": "Feature",
      "properties": {
        "@id": "way/245220678",
        "amenity": "toilets",
        "building": "yes",
        "height": "4.7",
        "nycdoitt:bin": "3002927",
        "toilets:seasonal": "no",
        "toilets:unisex": "no",
        "@geometry": "center"
      },
      "geometry": {
        "type": "Point",
        "coordinates": [
          -73.9995663,
          40.689651
        ]
      },
      "id": "way/245220678"
    },
    {
      "type": "Feature",
      "properties": {
        "@id": "way/247463092",
        "amenity": "toilets",
        "building": "yes",
        "height": "3.0",
        "nycdoitt:bin": "3000000",
        "wheelchair": "no",
        "@geometry": "center"
      },
      "geometry": {
        "type": "Point",
        "coordinates": [
          -73.8625106,
          40.6664895
        ]
      },
      "id": "way/247463092"
    },
    {
      "type": "Feature",
      "properties": {
        "@id": "way/247612771",
        "amenity": "toilets",
        "building": "yes",
        "height": "4.9",
        "nycdoitt:bin": "3000000",
        "@geometry": "center"
      },
      "geometry": {
        "type": "Point",
        "coordinates": [
          -73.8650729,
          40.6744004
        ]
      },
      "id": "way/247612771"
    },
    {
      "type": "Feature",
      "properties": {
        "@id": "way/247630068",
        "amenity": "toilets",
        "building": "yes",
        "height": "4.6",
        "nycdoitt:bin": "3256583",
        "@geometry": "center"
      },
      "geometry": {
        "type": "Point",
        "coordinates": [
          -73.886028,
          40.6654464
        ]
      },
      "id": "way/247630068"
    },
    {
      "type": "Feature",
      "properties": {
        "@id": "way/247634133",
        "access": "yes",
        "amenity": "toilets",
        "height": "4.9",
        "nycdoitt:bin": "3393365",
        "@geometry": "center"
      },
      "geometry": {
        "type": "Point",
        "coordinates": [
          -73.890214,
          40.6674168
        ]
      },
      "id": "way/247634133"
    },
    {
      "type": "Feature",
      "properties": {
        "@id": "way/247910235",
        "access": "yes",
        "amenity": "toilets",
        "building": "yes",
        "height": "3.3",
        "nycdoitt:bin": "3000000",
        "@geometry": "center"
      },
      "geometry": {
        "type": "Point",
        "coordinates": [
          -73.9474939,
          40.6556771
        ]
      },
      "id": "way/247910235"
    },
    {
      "type": "Feature",
      "properties": {
        "@id": "way/248142062",
        "access": "yes",
        "amenity": "toilets",
        "building": "yes",
        "fee": "no",
        "height": "4.9",
        "nycdoitt:bin": "3379691",
        "toilets:disposal": "flush",
        "unisex": "yes",
        "wheelchair": "limited",
        "@geometry": "center"
      },
      "geometry": {
        "type": "Point",
        "coordinates": [
          -73.9717256,
          40.6892374
        ]
      },
      "id": "way/248142062"
    },
    {
      "type": "Feature",
      "properties": {
        "@id": "way/248165561",
        "amenity": "toilets",
        "building": "yes",
        "height": "4.5",
        "nycdoitt:bin": "3000574",
        "@geometry": "center"
      },
      "geometry": {
        "type": "Point",
        "coordinates": [
          -73.9809933,
          40.6867151
        ]
      },
      "id": "way/248165561"
    },
    {
      "type": "Feature",
      "properties": {
        "@id": "way/248170589",
        "amenity": "toilets",
        "building": "yes",
        "female": "yes",
        "height": "3.1",
        "male": "yes",
        "nycdoitt:bin": "3250724",
        "wheelchair": "no",
        "@geometry": "center"
      },
      "geometry": {
        "type": "Point",
        "coordinates": [
          -73.9893318,
          40.6612936
        ]
      },
      "id": "way/248170589"
    },
    {
      "type": "Feature",
      "properties": {
        "@id": "way/248177925",
        "amenity": "toilets",
        "building": "yes",
        "height": "5.0",
        "nycdoitt:bin": "3000000",
        "toilets:unisex": "no",
        "@geometry": "center"
      },
      "geometry": {
        "type": "Point",
        "coordinates": [
          -73.944238,
          40.6820458
        ]
      },
      "id": "way/248177925"
    },
    {
      "type": "Feature",
      "properties": {
        "@id": "way/248454534",
        "addr:housenumber": "7420",
        "addr:postcode": "11209",
        "addr:street": "Shore Road",
        "amenity": "toilets",
        "building": "yes",
        "height": "6.4",
        "name": "Shore Road Field House",
        "nycdoitt:bin": "3340027",
        "toilets:unisex": "no",
        "@geometry": "center"
      },
      "geometry": {
        "type": "Point",
        "coordinates": [
          -74.0394768,
          40.6161903
        ]
      },
      "id": "way/248454534"
    },
    {
      "type": "Feature",
      "properties": {
        "@id": "way/248454540",
        "amenity": "toilets",
        "building": "yes",
        "height": "14.3",
        "nycdoitt:bin": "3000000",
        "toilets:unisex": "no",
        "toilets:wheelchair": "no",
        "@geometry": "center"
      },
      "geometry": {
        "type": "Point",
        "coordinates": [
          -74.0357144,
          40.6119898
        ]
      },
      "id": "way/248454540"
    },
    {
      "type": "Feature",
      "properties": {
        "@id": "way/248464182",
        "access": "yes",
        "amenity": "toilets",
        "building": "yes",
        "fee": "no",
        "height": "3.8",
        "nycdoitt:bin": "3000000",
        "wheelchair": "yes",
        "@geometry": "center"
      },
      "geometry": {
        "type": "Point",
        "coordinates": [
          -73.9987834,
          40.5717616
        ]
      },
      "id": "way/248464182"
    },
    {
      "type": "Feature",
      "properties": {
        "@id": "way/248474759",
        "access": "yes",
        "amenity": "toilets",
        "building": "yes",
        "check_date": "2022-05-19",
        "fee": "no",
        "height": "7",
        "nycdoitt:bin": "3000000",
        "opening_hours": "Mo-Su 08:00-16:00",
        "source": "survey;local knowledge",
        "toilets:disposal": "flush",
        "toilets:handwashing": "yes",
        "unisex": "yes",
        "website": "https://www.nycgovparks.org/parks/coney-island-beach-and-boardwalk/facilities/bathrooms",
        "@geometry": "center"
      },
      "geometry": {
        "type": "Point",
        "coordinates": [
          -73.9807626,
          40.572845
        ]
      },
      "id": "way/248474759"
    },
    {
      "type": "Feature",
      "properties": {
        "@id": "way/248476864",
        "access": "yes",
        "amenity": "toilets",
        "building": "yes",
        "fee": "no",
        "height": "4.6",
        "nycdoitt:bin": "3385304",
        "wheelchair": "no",
        "@geometry": "center"
      },
      "geometry": {
        "type": "Point",
        "coordinates": [
          -73.9926841,
          40.5736636
        ]
      },
      "id": "way/248476864"
    },
    {
      "type": "Feature",
      "properties": {
        "@id": "way/248496314",
        "access": "yes",
        "addr:housenumber": "2941",
        "addr:postcode": "11224",
        "addr:street": "West 12th Street",
        "amenity": "toilets",
        "building": "service",
        "fee": "no",
        "height": "3.6",
        "nycdoitt:bin": "3196565",
        "toilets:disposal": "flush",
        "wheelchair": "yes",
        "@geometry": "center"
      },
      "geometry": {
        "type": "Point",
        "coordinates": [
          -73.9788286,
          40.5760654
        ]
      },
      "id": "way/248496314"
    },
    {
      "type": "Feature",
      "properties": {
        "@id": "way/248496356",
        "access": "yes",
        "amenity": "toilets",
        "bench": "yes",
        "bin": "yes",
        "building": "toilets",
        "height": "7.5",
        "layer": "1",
        "nycdoitt:bin": "3000000",
        "toilets:disposal": "flush",
        "wheelchair": "yes",
        "@geometry": "center"
      },
      "geometry": {
        "type": "Point",
        "coordinates": [
          -73.9644512,
          40.5746498
        ]
      },
      "id": "way/248496356"
    },
    {
      "type": "Feature",
      "properties": {
        "@id": "way/248496363",
        "amenity": "toilets",
        "building": "toilets",
        "height": "3.3",
        "nycdoitt:bin": "3000000",
        "@geometry": "center"
      },
      "geometry": {
        "type": "Point",
        "coordinates": [
          -73.9742516,
          40.5745823
        ]
      },
      "id": "way/248496363"
    },
    {
      "type": "Feature",
      "properties": {
        "@id": "way/248496466",
        "amenity": "toilets",
        "building": "toilets",
        "fee": "no",
        "height": "6.0",
        "nycdoitt:bin": "3000000",
        "wheelchair": "limited",
        "@geometry": "center"
      },
      "geometry": {
        "type": "Point",
        "coordinates": [
          -73.9716512,
          40.5742592
        ]
      },
      "id": "way/248496466"
    },
    {
      "type": "Feature",
      "properties": {
        "@id": "way/248500405",
        "access": "yes",
        "amenity": "toilets",
        "building": "toilets",
        "building:levels": "1",
        "check_date": "2022-08-04",
        "fee": "no",
        "height": "4.6",
        "level": "0",
        "nycdoitt:bin": "3000000",
        "portable": "no",
        "roof:shape": "flat",
        "toilets:disposal": "flush",
        "toilets:handwashing": "yes",
        "toilets:position": "urinal;seated",
        "wheelchair": "limited",
        "@geometry": "center"
      },
      "geometry": {
        "type": "Point",
        "coordinates": [
          -73.9729066,
          40.5754247
        ]
      },
      "id": "way/248500405"
    },
    {
      "type": "Feature",
      "properties": {
        "@id": "way/248500406",
        "access": "yes",
        "amenity": "toilets",
        "building": "toilets",
        "fee": "no",
        "height": "3.7",
        "nycdoitt:bin": "3412710",
        "start_date": "1931",
        "wheelchair": "limited",
        "@geometry": "center"
      },
      "geometry": {
        "type": "Point",
        "coordinates": [
          -73.9702902,
          40.5769945
        ]
      },
      "id": "way/248500406"
    },
    {
      "type": "Feature",
      "properties": {
        "@id": "way/248518643",
        "amenity": "toilets",
        "building": "toilets",
        "fee": "no",
        "height": "4.8",
        "nycdoitt:bin": "3196377",
        "wheelchair": "yes",
        "@geometry": "center"
      },
      "geometry": {
        "type": "Point",
        "coordinates": [
          -73.9644246,
          40.5825448
        ]
      },
      "id": "way/248518643"
    },
    {
      "type": "Feature",
      "properties": {
        "@id": "way/248547533",
        "amenity": "toilets",
        "building": "yes",
        "height": "3.7",
        "nycdoitt:bin": "3144373",
        "@geometry": "center"
      },
      "geometry": {
        "type": "Point",
        "coordinates": [
          -74.0193461,
          40.6354744
        ]
      },
      "id": "way/248547533"
    },
    {
      "type": "Feature",
      "properties": {
        "@id": "way/248915581",
        "access": "yes",
        "addr:housenumber": "2134",
        "addr:postcode": "11214",
        "addr:street": "Cropsey Avenue",
        "amenity": "toilets",
        "building": "toilets",
        "height": "4.6",
        "nycdoitt:bin": "3170079",
        "@geometry": "center"
      },
      "geometry": {
        "type": "Point",
        "coordinates": [
          -73.9999928,
          40.5978657
        ]
      },
      "id": "way/248915581"
    },
    {
      "type": "Feature",
      "properties": {
        "@id": "way/248931666",
        "access": "yes",
        "amenity": "toilets",
        "building": "yes",
        "fee": "no",
        "height": "5.5",
        "nycdoitt:bin": "3000000",
        "toilets:disposal": "flush",
        "unisex": "no",
        "@geometry": "center"
      },
      "geometry": {
        "type": "Point",
        "coordinates": [
          -73.9865049,
          40.6082538
        ]
      },
      "id": "way/248931666"
    },
    {
      "type": "Feature",
      "properties": {
        "@id": "way/249054126",
        "access": "yes",
        "amenity": "toilets",
        "building": "yes",
        "fee": "no",
        "height": "5.5",
        "nycdoitt:bin": "3000000",
        "toilets:disposal": "flush",
        "unisex": "yes",
        "wheelchair": "limited",
        "@geometry": "center"
      },
      "geometry": {
        "type": "Point",
        "coordinates": [
          -74.0131564,
          40.6130775
        ]
      },
      "id": "way/249054126"
    },
    {
      "type": "Feature",
      "properties": {
        "@id": "way/249086344",
        "access": "yes",
        "amenity": "toilets",
        "building": "yes",
        "fee": "no",
        "female": "yes",
        "height": "3.3",
        "male": "yes",
        "nycdoitt:bin": "3191446",
        "toilets:disposal": "flush",
        "@geometry": "center"
      },
      "geometry": {
        "type": "Point",
        "coordinates": [
          -73.9721685,
          40.6011486
        ]
      },
      "id": "way/249086344"
    },
    {
      "type": "Feature",
      "properties": {
        "@id": "way/249092699",
        "access": "yes",
        "addr:housenumber": "1693",
        "addr:postcode": "11230",
        "addr:street": "East 4th Street",
        "amenity": "toilets",
        "building": "yes",
        "height": "4.3",
        "nycdoitt:bin": "3174928",
        "@geometry": "center"
      },
      "geometry": {
        "type": "Point",
        "coordinates": [
          -73.969622,
          40.6100269
        ]
      },
      "id": "way/249092699"
    },
    {
      "type": "Feature",
      "properties": {
        "@id": "way/249104156",
        "access": "yes",
        "addr:housenumber": "1310",
        "addr:postcode": "11230",
        "addr:street": "East 4th Street",
        "amenity": "toilets",
        "building": "yes",
        "height": "7.5",
        "nycdoitt:bin": "3171575",
        "@geometry": "center"
      },
      "geometry": {
        "type": "Point",
        "coordinates": [
          -73.9720185,
          40.6186563
        ]
      },
      "id": "way/249104156"
    },
    {
      "type": "Feature",
      "properties": {
        "@id": "way/249116493",
        "addr:housenumber": "5514",
        "addr:postcode": "11204",
        "addr:street": "19th Avenue",
        "amenity": "toilets",
        "building": "toilets",
        "height": "2.7",
        "nycdoitt:bin": "3130881",
        "toilets:unisex": "no",
        "wheelchair": "yes",
        "@geometry": "center"
      },
      "geometry": {
        "type": "Point",
        "coordinates": [
          -73.9849206,
          40.6239755
        ]
      },
      "id": "way/249116493"
    },
    {
      "type": "Feature",
      "properties": {
        "@id": "way/249537667",
        "access": "yes",
        "amenity": "toilets",
        "building": "yes",
        "height": "5.0",
        "nycdoitt:bin": "3000000",
        "@geometry": "center"
      },
      "geometry": {
        "type": "Point",
        "coordinates": [
          -73.9772683,
          40.6327559
        ]
      },
      "id": "way/249537667"
    },
    {
      "type": "Feature",
      "properties": {
        "@id": "way/249562151",
        "amenity": "toilets",
        "building": "yes",
        "height": "4.3",
        "nycdoitt:bin": "3000000",
        "@geometry": "center"
      },
      "geometry": {
        "type": "Point",
        "coordinates": [
          -74.000794,
          40.6367804
        ]
      },
      "id": "way/249562151"
    },
    {
      "type": "Feature",
      "properties": {
        "@id": "way/249580714",
        "amenity": "toilets",
        "building": "yes",
        "height": "3.2",
        "nycdoitt:bin": "3144128",
        "@geometry": "center"
      },
      "geometry": {
        "type": "Point",
        "coordinates": [
          -74.0235739,
          40.6397748
        ]
      },
      "id": "way/249580714"
    },
    {
      "type": "Feature",
      "properties": {
        "@id": "way/249615532",
        "amenity": "toilets",
        "building": "yes",
        "height": "4.5",
        "nycdoitt:bin": "3415739",
        "toilets:seasonal": "no",
        "toilets:unisex": "no",
        "@geometry": "center"
      },
      "geometry": {
        "type": "Point",
        "coordinates": [
          -73.9805124,
          40.6460266
        ]
      },
      "id": "way/249615532"
    },
    {
      "type": "Feature",
      "properties": {
        "@id": "way/249618616",
        "amenity": "toilets",
        "building": "yes",
        "height": "4.8",
        "nycdoitt:bin": "3000000",
        "@geometry": "center"
      },
      "geometry": {
        "type": "Point",
        "coordinates": [
          -73.9765788,
          40.650458
        ]
      },
      "id": "way/249618616"
    },
    {
      "type": "Feature",
      "properties": {
        "@id": "way/249712522",
        "amenity": "toilets",
        "building": "yes",
        "fee": "no",
        "height": "3.4",
        "nycdoitt:bin": "3199505",
        "@geometry": "center"
      },
      "geometry": {
        "type": "Point",
        "coordinates": [
          -73.9573905,
          40.5970696
        ]
      },
      "id": "way/249712522"
    },
    {
      "type": "Feature",
      "properties": {
        "@id": "way/249740400",
        "access": "yes",
        "amenity": "toilets",
        "building": "yes",
        "fee": "no",
        "height": "4.7",
        "nycdoitt:bin": "3000000",
        "wikimedia_commons": "File:Herman_dolgon_playground.jpg",
        "@geometry": "center"
      },
      "geometry": {
        "type": "Point",
        "coordinates": [
          -73.9395595,
          40.5981647
        ]
      },
      "id": "way/249740400"
    },
    {
      "type": "Feature",
      "properties": {
        "@id": "way/249746340",
        "addr:housenumber": "2860",
        "addr:postcode": "11229",
        "addr:street": "Nostrand Avenue",
        "amenity": "toilets",
        "building": "yes",
        "height": "5.0",
        "nycdoitt:bin": "3211312",
        "@geometry": "center"
      },
      "geometry": {
        "type": "Point",
        "coordinates": [
          -73.9447838,
          40.6145631
        ]
      },
      "id": "way/249746340"
    },
    {
      "type": "Feature",
      "properties": {
        "@id": "way/249771226",
        "access": "yes",
        "amenity": "toilets",
        "building": "yes",
        "height": "4.4",
        "nycdoitt:bin": "3000000",
        "@geometry": "center"
      },
      "geometry": {
        "type": "Point",
        "coordinates": [
          -73.9580374,
          40.6203426
        ]
      },
      "id": "way/249771226"
    },
    {
      "type": "Feature",
      "properties": {
        "@id": "way/249921063",
        "amenity": "toilets",
        "building": "toilets",
        "height": "3.2",
        "nycdoitt:bin": "3380140",
        "wheelchair": "no",
        "@geometry": "center"
      },
      "geometry": {
        "type": "Point",
        "coordinates": [
          -73.9119654,
          40.6960717
        ]
      },
      "id": "way/249921063"
    },
    {
      "type": "Feature",
      "properties": {
        "@id": "way/249930931",
        "amenity": "toilets",
        "building": "yes",
        "height": "4.7",
        "nycdoitt:bin": "3380167",
        "wheelchair": "yes",
        "@geometry": "center"
      },
      "geometry": {
        "type": "Point",
        "coordinates": [
          -73.9111703,
          40.6880192
        ]
      },
      "id": "way/249930931"
    },
    {
      "type": "Feature",
      "properties": {
        "@id": "way/249962957",
        "access": "yes",
        "addr:housenumber": "842",
        "addr:postcode": "11233",
        "addr:street": "Halsey Street",
        "amenity": "toilets",
        "building": "yes",
        "check_date": "2022-11-12",
        "height": "4.5",
        "nycdoitt:bin": "3040059",
        "toilets:disposal": "flush",
        "@geometry": "center"
      },
      "geometry": {
        "type": "Point",
        "coordinates": [
          -73.9190115,
          40.6850548
        ]
      },
      "id": "way/249962957"
    },
    {
      "type": "Feature",
      "properties": {
        "@id": "way/250014516",
        "amenity": "toilets",
        "building": "yes",
        "height": "4.5",
        "nycdoitt:bin": "3259251",
        "wheelchair": "no",
        "@geometry": "center"
      },
      "geometry": {
        "type": "Point",
        "coordinates": [
          -73.9785285,
          40.6770336
        ]
      },
      "id": "way/250014516"
    },
    {
      "type": "Feature",
      "properties": {
        "@id": "way/250016404",
        "amenity": "toilets",
        "building": "yes",
        "height": "3.6",
        "nycdoitt:bin": "3006192",
        "@geometry": "center"
      },
      "geometry": {
        "type": "Point",
        "coordinates": [
          -73.9878083,
          40.6846827
        ]
      },
      "id": "way/250016404"
    },
    {
      "type": "Feature",
      "properties": {
        "@id": "way/250029929",
        "amenity": "toilets",
        "building": "yes",
        "height": "3.7",
        "nycdoitt:bin": "3000000",
        "toilets": "yes",
        "wheelchair": "no",
        "@geometry": "center"
      },
      "geometry": {
        "type": "Point",
        "coordinates": [
          -73.9112214,
          40.6122736
        ]
      },
      "id": "way/250029929"
    },
    {
      "type": "Feature",
      "properties": {
        "@id": "way/250163080",
        "amenity": "toilets",
        "building": "toilets",
        "height": "3.6",
        "nycdoitt:bin": "3381428",
        "@geometry": "center"
      },
      "geometry": {
        "type": "Point",
        "coordinates": [
          -73.9446411,
          40.6592552
        ]
      },
      "id": "way/250163080"
    },
    {
      "type": "Feature",
      "properties": {
        "@id": "way/250169347",
        "amenity": "toilets",
        "building": "yes",
        "height": "4.8",
        "nycdoitt:bin": "3000000",
        "seasonal": "no",
        "toilets:unisex": "no",
        "@geometry": "center"
      },
      "geometry": {
        "type": "Point",
        "coordinates": [
          -73.9499053,
          40.6634792
        ]
      },
      "id": "way/250169347"
    },
    {
      "type": "Feature",
      "properties": {
        "@id": "way/250176147",
        "amenity": "toilets",
        "building": "yes",
        "height": "4.9",
        "nycdoitt:bin": "3381007",
        "wheelchair": "no",
        "@geometry": "center"
      },
      "geometry": {
        "type": "Point",
        "coordinates": [
          -73.9217652,
          40.6586911
        ]
      },
      "id": "way/250176147"
    },
    {
      "type": "Feature",
      "properties": {
        "@id": "way/250187883",
        "amenity": "toilets",
        "building": "yes",
        "height": "4.7",
        "nycdoitt:bin": "3392494",
        "@geometry": "center"
      },
      "geometry": {
        "type": "Point",
        "coordinates": [
          -73.9144075,
          40.6619311
        ]
      },
      "id": "way/250187883"
    },
    {
      "type": "Feature",
      "properties": {
        "@id": "way/250200587",
        "amenity": "toilets",
        "building": "shed",
        "height": "3.5",
        "nycdoitt:bin": "3082941",
        "wheelchair": "no",
        "@geometry": "center"
      },
      "geometry": {
        "type": "Point",
        "coordinates": [
          -73.9061516,
          40.6560832
        ]
      },
      "id": "way/250200587"
    },
    {
      "type": "Feature",
      "properties": {
        "@id": "way/250211526",
        "addr:housenumber": "687",
        "addr:postcode": "11203",
        "addr:street": "East New York Avenue",
        "amenity": "toilets",
        "building": "yes",
        "height": "4.4",
        "nycdoitt:bin": "3035501",
        "toilets:unisex": "no",
        "@geometry": "center"
      },
      "geometry": {
        "type": "Point",
        "coordinates": [
          -73.9406594,
          40.6626149
        ]
      },
      "id": "way/250211526"
    },
    {
      "type": "Feature",
      "properties": {
        "@id": "way/250311267",
        "amenity": "toilets",
        "building": "yes",
        "height": "4.5",
        "nycdoitt:bin": "3379611",
        "wheelchair": "no",
        "@geometry": "center"
      },
      "geometry": {
        "type": "Point",
        "coordinates": [
          -73.9463817,
          40.6856086
        ]
      },
      "id": "way/250311267"
    },
    {
      "type": "Feature",
      "properties": {
        "@id": "way/250315930",
        "access": "yes",
        "amenity": "toilets",
        "building": "yes",
        "height": "4.5",
        "nycdoitt:bin": "3399443",
        "@geometry": "center"
      },
      "geometry": {
        "type": "Point",
        "coordinates": [
          -73.932458,
          40.6916293
        ]
      },
      "id": "way/250315930"
    },
    {
      "type": "Feature",
      "properties": {
        "@id": "way/250319929",
        "amenity": "toilets",
        "building": "yes",
        "height": "3.1",
        "nycdoitt:bin": "3379585",
        "wheelchair": "yes",
        "@geometry": "center"
      },
      "geometry": {
        "type": "Point",
        "coordinates": [
          -73.9466867,
          40.6944809
        ]
      },
      "id": "way/250319929"
    },
    {
      "type": "Feature",
      "properties": {
        "@id": "way/250324161",
        "amenity": "toilets",
        "building": "yes",
        "height": "5.8",
        "nycdoitt:bin": "3031309",
        "toilets:female": "yes",
        "toilets:male": "yes",
        "toilets:unisex": "no",
        "@geometry": "center"
      },
      "geometry": {
        "type": "Point",
        "coordinates": [
          -73.9438348,
          40.6738276
        ]
      },
      "id": "way/250324161"
    },
    {
      "type": "Feature",
      "properties": {
        "@id": "way/250347200",
        "amenity": "toilets",
        "building": "yes",
        "height": "4.6",
        "nycdoitt:bin": "3395390",
        "@geometry": "center"
      },
      "geometry": {
        "type": "Point",
        "coordinates": [
          -73.9622223,
          40.692595
        ]
      },
      "id": "way/250347200"
    },
    {
      "type": "Feature",
      "properties": {
        "@id": "way/250353528",
        "amenity": "toilets",
        "building": "yes",
        "height": "4.4",
        "nycdoitt:bin": "3000000",
        "@geometry": "center"
      },
      "geometry": {
        "type": "Point",
        "coordinates": [
          -73.9666131,
          40.6954097
        ]
      },
      "id": "way/250353528"
    },
    {
      "type": "Feature",
      "properties": {
        "@id": "way/250358324",
        "amenity": "toilets",
        "building": "yes",
        "height": "4.8",
        "nycdoitt:bin": "3319502",
        "opening_hours": "Mo-Su 08:00-16:00",
        "unisex": "no",
        "@geometry": "center"
      },
      "geometry": {
        "type": "Point",
        "coordinates": [
          -73.9667459,
          40.6885584
        ]
      },
      "id": "way/250358324"
    },
    {
      "type": "Feature",
      "properties": {
        "@id": "way/250358638",
        "amenity": "toilets",
        "building": "yes",
        "height": "4.5",
        "nycdoitt:bin": "3056024",
        "@geometry": "center"
      },
      "geometry": {
        "type": "Point",
        "coordinates": [
          -73.965839,
          40.6863637
        ]
      },
      "id": "way/250358638"
    },
    {
      "type": "Feature",
      "properties": {
        "@id": "way/250362013",
        "addr:housenumber": "121",
        "addr:postcode": "11205",
        "addr:street": "Adelphi Street",
        "amenity": "toilets",
        "building": "yes",
        "height": "3.2",
        "nycdoitt:bin": "3391940",
        "@geometry": "center"
      },
      "geometry": {
        "type": "Point",
        "coordinates": [
          -73.9716041,
          40.6937777
        ]
      },
      "id": "way/250362013"
    },
    {
      "type": "Feature",
      "properties": {
        "@id": "way/250363611",
        "amenity": "toilets",
        "building": "yes",
        "height": "6.8",
        "nycdoitt:bin": "3379455",
        "@geometry": "center"
      },
      "geometry": {
        "type": "Point",
        "coordinates": [
          -73.912026,
          40.6745635
        ]
      },
      "id": "way/250363611"
    },
    {
      "type": "Feature",
      "properties": {
        "@id": "way/250368113",
        "amenity": "toilets",
        "building": "yes",
        "height": "3.4",
        "nycdoitt:bin": "3257022",
        "@geometry": "center"
      },
      "geometry": {
        "type": "Point",
        "coordinates": [
          -73.9828385,
          40.6979669
        ]
      },
      "id": "way/250368113"
    },
    {
      "type": "Feature",
      "properties": {
        "@id": "way/250372852",
        "addr:housenumber": "70",
        "addr:postcode": "11233",
        "addr:street": "Chauncey Street",
        "amenity": "toilets",
        "building": "toilets",
        "height": "7.1",
        "nycdoitt:bin": "3047903",
        "@geometry": "center"
      },
      "geometry": {
        "type": "Point",
        "coordinates": [
          -73.9316194,
          40.679796
        ]
      },
      "id": "way/250372852"
    },
    {
      "type": "Feature",
      "properties": {
        "@id": "way/250379358",
        "amenity": "toilets",
        "building": "yes",
        "height": "3.0",
        "nycdoitt:bin": "3379497",
        "wheelchair": "yes",
        "@geometry": "center"
      },
      "geometry": {
        "type": "Point",
        "coordinates": [
          -73.9205139,
          40.680449
        ]
      },
      "id": "way/250379358"
    },
    {
      "type": "Feature",
      "properties": {
        "@id": "way/250380060",
        "amenity": "toilets",
        "building": "yes",
        "height": "4.1",
        "nycdoitt:bin": "3000164",
        "@geometry": "center"
      },
      "geometry": {
        "type": "Point",
        "coordinates": [
          -73.9854738,
          40.7007754
        ]
      },
      "id": "way/250380060"
    },
    {
      "type": "Feature",
      "properties": {
        "@id": "way/250381085",
        "access": "yes",
        "amenity": "toilets",
        "building": "yes",
        "height": "4.9",
        "nycdoitt:bin": "3000000",
        "toilets:disposal": "flush",
        "@geometry": "center"
      },
      "geometry": {
        "type": "Point",
        "coordinates": [
          -73.9226979,
          40.6806723
        ]
      },
      "id": "way/250381085"
    },
    {
      "type": "Feature",
      "properties": {
        "@id": "way/250419593",
        "amenity": "toilets",
        "building": "yes",
        "height": "5.2",
        "nycdoitt:bin": "3380055",
        "operator": "NYC Parks",
        "website": "https://www.nycgovparks.org/parks/fermi-playground/",
        "@geometry": "center"
      },
      "geometry": {
        "type": "Point",
        "coordinates": [
          -73.9285395,
          40.7003154
        ]
      },
      "id": "way/250419593"
    },
    {
      "type": "Feature",
      "properties": {
        "@id": "way/264851760",
        "access": "yes",
        "amenity": "toilets",
        "building": "yes",
        "female": "yes",
        "male": "yes",
        "name": "Right Triangle Public Restrooms",
        "toilets:disposal": "flush",
        "@geometry": "center"
      },
      "geometry": {
        "type": "Point",
        "coordinates": [
          -73.9592859,
          40.7356367
        ]
      },
      "id": "way/264851760"
    },
    {
      "type": "Feature",
      "properties": {
        "@id": "way/279598042",
        "access": "yes",
        "addr:housenumber": "449",
        "addr:postcode": "11211",
        "addr:street": "Bedford Avenue",
        "amenity": "toilets",
        "building": "yes",
        "height": "3.5",
        "nycdoitt:bin": "3343093",
        "@geometry": "center"
      },
      "geometry": {
        "type": "Point",
        "coordinates": [
          -73.9641086,
          40.7080933
        ]
      },
      "id": "way/279598042"
    },
    {
      "type": "Feature",
      "properties": {
        "@id": "way/279622755",
        "access": "yes",
        "addr:housenumber": "38",
        "addr:postcode": "11206",
        "addr:street": "Bartlett Street",
        "amenity": "toilets",
        "building": "yes",
        "female": "yes",
        "height": "4.9",
        "male": "yes",
        "nycdoitt:bin": "3061466",
        "opening_hours": "08:00-16:00",
        "wheelchair": "yes",
        "@geometry": "center"
      },
      "geometry": {
        "type": "Point",
        "coordinates": [
          -73.9459534,
          40.7007041
        ]
      },
      "id": "way/279622755"
    },
    {
      "type": "Feature",
      "properties": {
        "@id": "way/279633386",
        "addr:city": "Brooklyn",
        "addr:housenumber": "43",
        "addr:postcode": "11206",
        "addr:state": "NY",
        "addr:street": "Boerum Street",
        "amenity": "toilets",
        "building": "yes",
        "height": "4.9",
        "nycdoitt:bin": "3256439",
        "@geometry": "center"
      },
      "geometry": {
        "type": "Point",
        "coordinates": [
          -73.9471805,
          40.7058593
        ]
      },
      "id": "way/279633386"
    },
    {
      "type": "Feature",
      "properties": {
        "@id": "way/279652202",
        "amenity": "toilets",
        "building": "yes",
        "female": "yes",
        "height": "3.3",
        "male": "yes",
        "nycdoitt:bin": "3380040",
        "@geometry": "center"
      },
      "geometry": {
        "type": "Point",
        "coordinates": [
          -73.9394807,
          40.7017109
        ]
      },
      "id": "way/279652202"
    },
    {
      "type": "Feature",
      "properties": {
        "@id": "way/279656032",
        "access": "no",
        "amenity": "toilets",
        "building": "yes",
        "female": "yes",
        "height": "5.3",
        "nycdoitt:bin": "3380026",
        "@geometry": "center"
      },
      "geometry": {
        "type": "Point",
        "coordinates": [
          -73.9443608,
          40.708995
        ]
      },
      "id": "way/279656032"
    },
    {
      "type": "Feature",
      "properties": {
        "@id": "way/280079054",
        "addr:city": "Brooklyn",
        "addr:housenumber": "903",
        "addr:postcode": "11222",
        "addr:state": "NY",
        "addr:street": "Lorimer Street",
        "amenity": "toilets",
        "building": "yes",
        "changing_table": "yes",
        "fee": "no",
        "height": "6.0",
        "name": "McCarren Park House",
        "nycdoitt:bin": "3428677",
        "operator": "NYC Parks & Recreation",
        "start_date": "1937",
        "wheelchair": "yes",
        "@geometry": "center"
      },
      "geometry": {
        "type": "Point",
        "coordinates": [
          -73.9517922,
          40.7220399
        ]
      },
      "id": "way/280079054"
    },
    {
      "type": "Feature",
      "properties": {
        "@id": "way/280132670",
        "access": "yes",
        "amenity": "toilets",
        "building": "yes",
        "height": "4.5",
        "nycdoitt:bin": "3400033",
        "opening_hours": "Mo-Su 08:00-16:00",
        "toilets:unisex": "no",
        "@geometry": "center"
      },
      "geometry": {
        "type": "Point",
        "coordinates": [
          -73.9576335,
          40.7287363
        ]
      },
      "id": "way/280132670"
    },
    {
      "type": "Feature",
      "properties": {
        "@id": "way/280140531",
        "access": "no",
        "addr:housenumber": "10",
        "addr:postcode": "11222",
        "addr:street": "Kent Street",
        "amenity": "toilets",
        "building": "yes",
        "fixme": "Tagged as access=none as per OSM note and info from Vital Parks Explorer site on 05-02-25. Should be checked in the future. Link to site: https://www.nycgovparks.org/about/vital-parks/explorer",
        "height": "4.4",
        "nycdoitt:bin": "3336973",
        "@geometry": "center"
      },
      "geometry": {
        "type": "Point",
        "coordinates": [
          -73.9608056,
          40.7300265
        ]
      },
      "id": "way/280140531"
    },
    {
      "type": "Feature",
      "properties": {
        "@id": "way/285107202",
        "amenity": "toilets",
        "building": "yes",
        "height": "3.3",
        "nycdoitt:bin": "3000000",
        "@geometry": "center"
      },
      "geometry": {
        "type": "Point",
        "coordinates": [
          -73.8942187,
          40.5859504
        ]
      },
      "id": "way/285107202"
    },
    {
      "type": "Feature",
      "properties": {
        "@id": "way/285110451",
        "amenity": "toilets",
        "building": "yes",
        "fee": "no",
        "height": "3.8",
        "nycdoitt:bin": "3000000",
        "@geometry": "center"
      },
      "geometry": {
        "type": "Point",
        "coordinates": [
          -73.9210202,
          40.583294
        ]
      },
      "id": "way/285110451"
    },
    {
      "type": "Feature",
      "properties": {
        "@id": "way/285129024",
        "amenity": "toilets",
        "building": "yes",
        "height": "4.4",
        "nycdoitt:bin": "3411256",
        "roof:height": "1",
        "roof:shape": "pyramidal",
        "@geometry": "center"
      },
      "geometry": {
        "type": "Point",
        "coordinates": [
          -73.9357883,
          40.5924488
        ]
      },
      "id": "way/285129024"
    },
    {
      "type": "Feature",
      "properties": {
        "@id": "way/285132692",
        "addr:housenumber": "2401",
        "addr:postcode": "11235",
        "addr:street": "Avenue Y",
        "amenity": "toilets",
        "building": "yes",
        "fee": "no",
        "height": "4.1",
        "nycdoitt:bin": "3203377",
        "wheelchair": "yes",
        "@geometry": "center"
      },
      "geometry": {
        "type": "Point",
        "coordinates": [
          -73.945601,
          40.5917511
        ]
      },
      "id": "way/285132692"
    },
    {
      "type": "Feature",
      "properties": {
        "@id": "way/369187504",
        "amenity": "toilets",
        "building": "yes",
        "@geometry": "center"
      },
      "geometry": {
        "type": "Point",
        "coordinates": [
          -89.3708656,
          42.8511618
        ]
      },
      "id": "way/369187504"
    },
    {
      "type": "Feature",
      "properties": {
        "@id": "way/369187772",
        "amenity": "toilets",
        "building": "yes",
        "@geometry": "center"
      },
      "geometry": {
        "type": "Point",
        "coordinates": [
          -89.3634378,
          42.8532158
        ]
      },
      "id": "way/369187772"
    },
    {
      "type": "Feature",
      "properties": {
        "@id": "way/376073226",
        "amenity": "toilets",
        "building": "yes",
        "fee": "no",
        "@geometry": "center"
      },
      "geometry": {
        "type": "Point",
        "coordinates": [
          -73.9831502,
          40.5732121
        ]
      },
      "id": "way/376073226"
    },
    {
      "type": "Feature",
      "properties": {
        "@id": "way/391821605",
        "access": "yes",
        "amenity": "toilets",
        "building": "yes",
        "@geometry": "center"
      },
      "geometry": {
        "type": "Point",
        "coordinates": [
          144.8495496,
          -37.8241713
        ]
      },
      "id": "way/391821605"
    },
    {
      "type": "Feature",
      "properties": {
        "@id": "way/418636924",
        "access": "yes",
        "amenity": "toilets",
        "building": "yes",
        "toilets:disposal": "pitlatrine",
        "@geometry": "center"
      },
      "geometry": {
        "type": "Point",
        "coordinates": [
          -73.8850354,
          40.596259
        ]
      },
      "id": "way/418636924"
    },
    {
      "type": "Feature",
      "properties": {
        "@id": "way/486064491",
        "addr:city": "Gbarnga",
        "amenity": "toilets",
        "building": "yes",
        "building:levels": "1",
        "building:material": "brick",
        "fee": "no",
        "toilets:access": "permissive",
        "toilets:disposal": "pitlatrine",
        "toilets:handwashing": "no",
        "@geometry": "center"
      },
      "geometry": {
        "type": "Point",
        "coordinates": [
          -9.4822879,
          7.0154268
        ]
      },
      "id": "way/486064491"
    },
    {
      "type": "Feature",
      "properties": {
        "@id": "way/486064667",
        "addr:city": "Gbarnga",
        "amenity": "toilets",
        "building": "yes",
        "fee": "no",
        "toilets:access": "permissive",
        "toilets:disposal": "flush",
        "toilets:handwashing": "no",
        "@geometry": "center"
      },
      "geometry": {
        "type": "Point",
        "coordinates": [
          -9.4828016,
          7.0180562
        ]
      },
      "id": "way/486064667"
    },
    {
      "type": "Feature",
      "properties": {
        "@id": "way/486099666",
        "addr:city": "Gbarnga",
        "addr:street": "Lofa Road",
        "amenity": "toilets",
        "building": "yes",
        "fee": "no",
        "toilets:access": "permissive",
        "toilets:disposal": "flush",
        "toilets:handwashing": "no",
        "@geometry": "center"
      },
      "geometry": {
        "type": "Point",
        "coordinates": [
          -9.4803273,
          7.0202989
        ]
      },
      "id": "way/486099666"
    },
    {
      "type": "Feature",
      "properties": {
        "@id": "way/486099686",
        "addr:city": "Gbarnga",
        "addr:street": "Lofa Load",
        "amenity": "toilets",
        "building": "yes",
        "fee": "no",
        "toilets:access": "permissive",
        "toilets:disposal": "flush",
        "toilets:handwashing": "no",
        "waste": "Toilet",
        "@geometry": "center"
      },
      "geometry": {
        "type": "Point",
        "coordinates": [
          -9.4766029,
          7.0147091
        ]
      },
      "id": "way/486099686"
    },
    {
      "type": "Feature",
      "properties": {
        "@id": "way/486100024",
        "addr:city": "Gbarnga",
        "addr:street": "Lofa road",
        "amenity": "toilets",
        "building": "yes",
        "fee": "no",
        "toilets:access": "permissive",
        "toilets:disposal": "pitlatrine",
        "toilets:handwashing": "no",
        "@geometry": "center"
      },
      "geometry": {
        "type": "Point",
        "coordinates": [
          -9.477869,
          7.013885
        ]
      },
      "id": "way/486100024"
    },
    {
      "type": "Feature",
      "properties": {
        "@id": "way/486106745",
        "addr:city": "Gbarnga",
        "addr:street": "Gbarnga Phoebe highway",
        "amenity": "toilets",
        "building": "yes",
        "fee": "no",
        "toilets:access": "permissive",
        "toilets:disposal": "flush",
        "toilets:handwashing": "no",
        "@geometry": "center"
      },
      "geometry": {
        "type": "Point",
        "coordinates": [
          -9.4869867,
          7.0175997
        ]
      },
      "id": "way/486106745"
    },
    {
      "type": "Feature",
      "properties": {
        "@id": "way/486112937",
        "addr:city": "Gbarnga",
        "addr:street": "Gbarnga Phoebe highway",
        "amenity": "toilets",
        "building": "yes",
        "fee": "no",
        "toilets:access": "permissive",
        "toilets:disposal": "flush",
        "toilets:handwashing": "no",
        "@geometry": "center"
      },
      "geometry": {
        "type": "Point",
        "coordinates": [
          -9.4874858,
          7.0152871
        ]
      },
      "id": "way/486112937"
    },
    {
      "type": "Feature",
      "properties": {
        "@id": "way/486142458",
        "addr:city": "Gbarnga",
        "addr:street": "Lofa Road",
        "amenity": "toilets",
        "building": "yes",
        "fee": "no",
        "toilets:access": "permissive",
        "toilets:disposal": "pitlatrine",
        "toilets:handwashing": "no",
        "@geometry": "center"
      },
      "geometry": {
        "type": "Point",
        "coordinates": [
          -9.4740135,
          7.0119688
        ]
      },
      "id": "way/486142458"
    },
    {
      "type": "Feature",
      "properties": {
        "@id": "way/486328826",
        "addr:city": "Gbarnga",
        "amenity": "toilets",
        "building": "yes",
        "building:levels": "1",
        "building:material": "brick",
        "fee": "no",
        "toilets:access": "permissive",
        "toilets:disposal": "pitlatrine",
        "toilets:handwashing": "no",
        "@geometry": "center"
      },
      "geometry": {
        "type": "Point",
        "coordinates": [
          -9.4790569,
          7.0120274
        ]
      },
      "id": "way/486328826"
    },
    {
      "type": "Feature",
      "properties": {
        "@id": "way/486328845",
        "addr:city": "Gbarnga",
        "amenity": "toilets",
        "building": "yes",
        "fee": "no",
        "toilets:access": "permissive",
        "toilets:disposal": "pitlatrine",
        "toilets:handwashing": "no",
        "@geometry": "center"
      },
      "geometry": {
        "type": "Point",
        "coordinates": [
          -9.4795165,
          7.0119184
        ]
      },
      "id": "way/486328845"
    },
    {
      "type": "Feature",
      "properties": {
        "@id": "way/486329858",
        "addr:city": "Gbarnga",
        "amenity": "toilets",
        "building": "yes",
        "building:levels": "1",
        "building:material": "brick",
        "fee": "no",
        "toilets:access": "permissive",
        "toilets:disposal": "pitlatrine",
        "toilets:handwashing": "no",
        "@geometry": "center"
      },
      "geometry": {
        "type": "Point",
        "coordinates": [
          -9.4811103,
          7.0125435
        ]
      },
      "id": "way/486329858"
    },
    {
      "type": "Feature",
      "properties": {
        "@id": "way/486331712",
        "addr:city": "Gbarnga",
        "addr:street": "Lofa Road",
        "amenity": "toilets",
        "building": "yes",
        "fee": "no",
        "toilets:access": "permissive",
        "toilets:disposal": "pitlatrine",
        "toilets:handwashing": "no",
        "@geometry": "center"
      },
      "geometry": {
        "type": "Point",
        "coordinates": [
          -9.4799979,
          7.0090359
        ]
      },
      "id": "way/486331712"
    },
    {
      "type": "Feature",
      "properties": {
        "@id": "way/534213635",
        "access": "yes",
        "amenity": "toilets",
        "building": "toilets",
        "fee": "no",
        "toilets:disposal": "flush",
        "toilets:hands_drying": "no",
        "@geometry": "center"
      },
      "geometry": {
        "type": "Point",
        "coordinates": [
          151.2296999,
          -33.5485946
        ]
      },
      "id": "way/534213635"
    },
    {
      "type": "Feature",
      "properties": {
        "@id": "way/534213665",
        "amenity": "toilets",
        "building": "yes",
        "fee": "no",
        "name": "Shirley Singleton Pavilion",
        "@geometry": "center"
      },
      "geometry": {
        "type": "Point",
        "coordinates": [
          151.2164136,
          -33.5474586
        ]
      },
      "id": "way/534213665"
    },
    {
      "type": "Feature",
      "properties": {
        "@id": "way/534401876",
        "access": "yes",
        "amenity": "toilets",
        "building": "toilets",
        "toilets:disposal": "flush",
        "toilets:hands_drying": "no",
        "@geometry": "center"
      },
      "geometry": {
        "type": "Point",
        "coordinates": [
          151.2312667,
          -33.5465989
        ]
      },
      "id": "way/534401876"
    },
    {
      "type": "Feature",
      "properties": {
        "@id": "way/534401892",
        "access": "yes",
        "amenity": "toilets",
        "building": "toilets",
        "toilets:disposal": "flush",
        "toilets:hands_drying": "no",
        "wheelchair": "yes",
        "@geometry": "center"
      },
      "geometry": {
        "type": "Point",
        "coordinates": [
          151.2277977,
          -33.5470507
        ]
      },
      "id": "way/534401892"
    },
    {
      "type": "Feature",
      "properties": {
        "@id": "way/555574091",
        "access": "yes",
        "amenity": "toilets",
        "building": "yes",
        "changing_table": "no",
        "fee": "no",
        "toilets:hands_drying": "no",
        "wheelchair": "yes",
        "@geometry": "center"
      },
      "geometry": {
        "type": "Point",
        "coordinates": [
          151.2309135,
          -33.5469333
        ]
      },
      "id": "way/555574091"
    },
    {
      "type": "Feature",
      "properties": {
        "@id": "node/617378103",
        "amenity": "toilets",
        "female": "yes",
        "wheelchair": "limited"
      },
      "geometry": {
        "type": "Point",
        "coordinates": [
          -73.9373378,
          40.7159635
        ]
      },
      "id": "node/617378103"
    },
    {
      "type": "Feature",
      "properties": {
        "@id": "way/643204607",
        "amenity": "toilets",
        "building": "yes",
        "height": "3",
        "toilets:unisex": "no",
        "@geometry": "center"
      },
      "geometry": {
        "type": "Point",
        "coordinates": [
          -73.9727849,
          40.6805466
        ]
      },
      "id": "way/643204607"
    },
    {
      "type": "Feature",
      "properties": {
        "@id": "way/722371257",
        "amenity": "toilets",
        "@geometry": "center"
      },
      "geometry": {
        "type": "Point",
        "coordinates": [
          -73.9275699,
          40.6663583
        ]
      },
      "id": "way/722371257"
    },
    {
      "type": "Feature",
      "properties": {
        "@id": "node/766771663",
        "amenity": "toilets"
      },
      "geometry": {
        "type": "Point",
        "coordinates": [
          -74.0319948,
          40.6392927
        ]
      },
      "id": "node/766771663"
    },
    {
      "type": "Feature",
      "properties": {
        "@id": "way/954066962",
        "access": "yes",
        "amenity": "toilets",
        "building": "yes",
        "unisex": "yes",
        "wheelchair": "yes",
        "@geometry": "center"
      },
      "geometry": {
        "type": "Point",
        "coordinates": [
          -73.8802233,
          40.5859304
        ]
      },
      "id": "way/954066962"
    },
    {
      "type": "Feature",
      "properties": {
        "@id": "way/1056791772",
        "access": "yes",
        "amenity": "toilets",
        "building": "yes",
        "fee": "no",
        "gender_segregated": "yes",
        "toilets:disposal": "flush",
        "toilets:handwashing": "yes",
        "toilets:position": "seated;urinal",
        "@geometry": "center"
      },
      "geometry": {
        "type": "Point",
        "coordinates": [
          -73.9462038,
          40.5770262
        ]
      },
      "id": "way/1056791772"
    },
    {
      "type": "Feature",
      "properties": {
        "@id": "way/1086756143",
        "amenity": "toilets",
        "building": "yes",
        "@geometry": "center"
      },
      "geometry": {
        "type": "Point",
        "coordinates": [
          -73.9335047,
          40.7021134
        ]
      },
      "id": "way/1086756143"
    },
    {
      "type": "Feature",
      "properties": {
        "@id": "way/1086756144",
        "amenity": "toilets",
        "building": "yes",
        "wheelchair": "yes",
        "@geometry": "center"
      },
      "geometry": {
        "type": "Point",
        "coordinates": [
          -73.9389152,
          40.7090308
        ]
      },
      "id": "way/1086756144"
    },
    {
      "type": "Feature",
      "properties": {
        "@id": "way/1138169814",
        "access": "yes",
        "amenity": "toilets",
        "building": "yes",
        "condition": "fair",
        "@geometry": "center"
      },
      "geometry": {
        "type": "Point",
        "coordinates": [
          -73.9598119,
          40.7105644
        ]
      },
      "id": "way/1138169814"
    },
    {
      "type": "Feature",
      "properties": {
        "@id": "way/1175238670",
        "addr:country": "US",
        "addr:housenumber": "426-830",
        "addr:state": "NY",
        "addr:street": "Riegelmann Boardwalk",
        "amenity": "toilets",
        "building": "toilets",
        "fee": "no",
        "layer": "1",
        "name": "Riegelmann Boardwalk Restroom",
        "toilets:access": "public",
        "toilets:unisex": "no",
        "toilets:wheelchair": "limited",
        "wheelchair": "yes",
        "@geometry": "center"
      },
      "geometry": {
        "type": "Point",
        "coordinates": [
          -73.9758961,
          40.5734094
        ]
      },
      "id": "way/1175238670"
    },
    {
      "type": "Feature",
      "properties": {
        "@id": "way/1188372738",
        "access": "yes",
        "amenity": "toilets",
        "building": "yes",
        "unisex": "yes",
        "wheelchair": "yes",
        "@geometry": "center"
      },
      "geometry": {
        "type": "Point",
        "coordinates": [
          -73.8810412,
          40.5827774
        ]
      },
      "id": "way/1188372738"
    },
    {
      "type": "Feature",
      "properties": {
        "@id": "node/1241237664",
        "amenity": "toilets"
      },
      "geometry": {
        "type": "Point",
        "coordinates": [
          -73.9619009,
          40.665899
        ]
      },
      "id": "node/1241237664"
    },
    {
      "type": "Feature",
      "properties": {
        "@id": "node/1241238072",
        "amenity": "toilets"
      },
      "geometry": {
        "type": "Point",
        "coordinates": [
          -73.9621577,
          40.6672392
        ]
      },
      "id": "node/1241238072"
    },
    {
      "type": "Feature",
      "properties": {
        "@id": "node/1314450708",
        "access": "yes",
        "amenity": "toilets",
        "check_date": "2022-08-07"
      },
      "geometry": {
        "type": "Point",
        "coordinates": [
          -73.9622474,
          40.6749871
        ]
      },
      "id": "node/1314450708"
    },
    {
      "type": "Feature",
      "properties": {
        "@id": "node/1332754196",
        "amenity": "toilets"
      },
      "geometry": {
        "type": "Point",
        "coordinates": [
          -73.970185,
          40.6512026
        ]
      },
      "id": "node/1332754196"
    },
    {
      "type": "Feature",
      "properties": {
        "@id": "way/1337799236",
        "amenity": "toilets",
        "building": "yes",
        "wheelchair": "yes",
        "@geometry": "center"
      },
      "geometry": {
        "type": "Point",
        "coordinates": [
          -73.949835,
          40.7204548
        ]
      },
      "id": "way/1337799236"
    },
    {
      "type": "Feature",
      "properties": {
        "@id": "way/1337799237",
        "amenity": "toilets",
        "building": "yes",
        "wheelchair": "yes",
        "@geometry": "center"
      },
      "geometry": {
        "type": "Point",
        "coordinates": [
          -73.9497372,
          40.719851
        ]
      },
      "id": "way/1337799237"
    },
    {
      "type": "Feature",
      "properties": {
        "@id": "way/1371907287",
        "amenity": "toilets",
        "building": "yes",
        "height": "5.2",
        "nycdoitt:bin": "3426989",
        "toilets:seasonal": "no",
        "@geometry": "center"
      },
      "geometry": {
        "type": "Point",
        "coordinates": [
          -73.9353028,
          40.6737816
        ]
      },
      "id": "way/1371907287"
    },
    {
      "type": "Feature",
      "properties": {
        "@id": "way/1396488793",
        "amenity": "toilets",
        "building": "yes",
        "fee": "no",
        "unisex": "yes",
        "@geometry": "center"
      },
      "geometry": {
        "type": "Point",
        "coordinates": [
          -74.0171768,
          40.6780386
        ]
      },
      "id": "way/1396488793"
    },
    {
      "type": "Feature",
      "properties": {
        "@id": "way/1414761973",
        "amenity": "toilets",
        "area": "yes",
        "fee": "no",
        "@geometry": "center"
      },
      "geometry": {
        "type": "Point",
        "coordinates": [
          -73.8908942,
          40.6006184
        ]
      },
      "id": "way/1414761973"
    },
    {
      "type": "Feature",
      "properties": {
        "@id": "way/1422990480",
        "amenity": "toilets",
        "building": "yes",
        "@geometry": "center"
      },
      "geometry": {
        "type": "Point",
        "coordinates": [
          151.2166904,
          -33.5469607
        ]
      },
      "id": "way/1422990480"
    },
    {
      "type": "Feature",
      "properties": {
        "@id": "way/1449458136",
        "access": "yes",
        "amenity": "toilets",
        "building": "yes",
        "toilets:disposal": "flush",
        "wheelchair": "yes",
        "@geometry": "center"
      },
      "geometry": {
        "type": "Point",
        "coordinates": [
          -73.9654751,
          40.574643
        ]
      },
      "id": "way/1449458136"
    },
    {
      "type": "Feature",
      "properties": {
        "@id": "node/1774717209",
        "amenity": "toilets"
      },
      "geometry": {
        "type": "Point",
        "coordinates": [
          -73.9629152,
          40.6694177
        ]
      },
      "id": "node/1774717209"
    },
    {
      "type": "Feature",
      "properties": {
        "@id": "node/1999252648",
        "amenity": "toilets",
        "female": "yes",
        "male": "yes",
        "wheelchair": "yes"
      },
      "geometry": {
        "type": "Point",
        "coordinates": [
          -73.9500563,
          40.7207459
        ]
      },
      "id": "node/1999252648"
    },
    {
      "type": "Feature",
      "properties": {
        "@id": "node/2370715055",
        "amenity": "toilets",
        "seasonal": "yes"
      },
      "geometry": {
        "type": "Point",
        "coordinates": [
          -122.6408667,
          45.4972754
        ]
      },
      "id": "node/2370715055"
    },
    {
      "type": "Feature",
      "properties": {
        "@id": "node/2371409813",
        "amenity": "toilets",
        "seasonal": "yes"
      },
      "geometry": {
        "type": "Point",
        "coordinates": [
          -122.6410888,
          45.4972768
        ]
      },
      "id": "node/2371409813"
    },
    {
      "type": "Feature",
      "properties": {
        "@id": "node/2564481338",
        "amenity": "toilets"
      },
      "geometry": {
        "type": "Point",
        "coordinates": [
          -73.937579,
          40.6077409
        ]
      },
      "id": "node/2564481338"
    },
    {
      "type": "Feature",
      "properties": {
        "@id": "node/2592331360",
        "access": "yes",
        "amenity": "toilets",
        "check_date": "2024-06-14",
        "fee": "no",
        "toilets:disposal": "flush"
      },
      "geometry": {
        "type": "Point",
        "coordinates": [
          -73.9434722,
          40.7248244
        ]
      },
      "id": "node/2592331360"
    },
    {
      "type": "Feature",
      "properties": {
        "@id": "node/2807416301",
        "amenity": "toilets",
        "female": "yes",
        "fixme": "Please update opening_hours tag with more exact opening hours",
        "male": "yes",
        "opening_hours": "08:00+"
      },
      "geometry": {
        "type": "Point",
        "coordinates": [
          -73.939461,
          40.68658
        ]
      },
      "id": "node/2807416301"
    },
    {
      "type": "Feature",
      "properties": {
        "@id": "node/2986138404",
        "amenity": "toilets"
      },
      "geometry": {
        "type": "Point",
        "coordinates": [
          -81.7552954,
          41.4425483
        ]
      },
      "id": "node/2986138404"
    },
    {
      "type": "Feature",
      "properties": {
        "@id": "node/3351085186",
        "amenity": "toilets"
      },
      "geometry": {
        "type": "Point",
        "coordinates": [
          -73.9984138,
          40.6995639
        ]
      },
      "id": "node/3351085186"
    },
    {
      "type": "Feature",
      "properties": {
        "@id": "node/3351085187",
        "amenity": "toilets"
      },
      "geometry": {
        "type": "Point",
        "coordinates": [
          -74.0017251,
          40.6928767
        ]
      },
      "id": "node/3351085187"
    },
    {
      "type": "Feature",
      "properties": {
        "@id": "node/3401194360",
        "amenity": "toilets",
        "check_date": "2026-03-07"
      },
      "geometry": {
        "type": "Point",
        "coordinates": [
          -73.9303759,
          40.6040871
        ]
      },
      "id": "node/3401194360"
    },
    {
      "type": "Feature",
      "properties": {
        "@id": "node/3528538753",
        "amenity": "toilets",
        "source": "http://www.nycgovparks.org/parks/fulton-park"
      },
      "geometry": {
        "type": "Point",
        "coordinates": [
          -73.9316137,
          40.6797883
        ]
      },
      "id": "node/3528538753"
    },
    {
      "type": "Feature",
      "properties": {
        "@id": "node/3649553913",
        "amenity": "toilets"
      },
      "geometry": {
        "type": "Point",
        "coordinates": [
          -73.9608808,
          40.7217662
        ]
      },
      "id": "node/3649553913"
    },
    {
      "type": "Feature",
      "properties": {
        "@id": "node/4105668197",
        "access": "yes",
        "amenity": "toilets",
        "fee": "no",
        "level": "0",
        "toilets:disposal": "flush",
        "toilets:female": "yes",
        "toilets:male": "yes",
        "toilets:unisex": "no"
      },
      "geometry": {
        "type": "Point",
        "coordinates": [
          -73.9637805,
          40.657223
        ]
      },
      "id": "node/4105668197"
    },
    {
      "type": "Feature",
      "properties": {
        "@id": "node/4252857391",
        "amenity": "toilets",
        "check_date:wheelchair": "2023-04-09",
        "toilets:disposal": "flush",
        "toilets:female": "yes",
        "toilets:male": "yes",
        "toilets:unisex": "no",
        "wheelchair": "yes"
      },
      "geometry": {
        "type": "Point",
        "coordinates": [
          -73.9714844,
          40.6655293
        ]
      },
      "id": "node/4252857391"
    },
    {
      "type": "Feature",
      "properties": {
        "@id": "node/4359389209",
        "amenity": "toilets",
        "toilets:unisex": "no",
        "wheelchair": "yes"
      },
      "geometry": {
        "type": "Point",
        "coordinates": [
          -74.0191589,
          40.6532854
        ]
      },
      "id": "node/4359389209"
    },
    {
      "type": "Feature",
      "properties": {
        "@id": "node/4608826376",
        "amenity": "toilets",
        "fee": "no",
        "male": "yes"
      },
      "geometry": {
        "type": "Point",
        "coordinates": [
          -73.9580796,
          40.6203319
        ]
      },
      "id": "node/4608826376"
    },
    {
      "type": "Feature",
      "properties": {
        "@id": "node/4608826377",
        "amenity": "toilets",
        "fee": "no",
        "female": "yes"
      },
      "geometry": {
        "type": "Point",
        "coordinates": [
          -73.9579939,
          40.6203368
        ]
      },
      "id": "node/4608826377"
    },
    {
      "type": "Feature",
      "properties": {
        "@id": "node/4799342647",
        "access": "customers",
        "amenity": "toilets",
        "changing_table": "yes",
        "toilets:disposal": "flush",
        "toilets:position": "seated",
        "unisex": "yes",
        "wheelchair": "yes"
      },
      "geometry": {
        "type": "Point",
        "coordinates": [
          -73.9619358,
          40.6664262
        ]
      },
      "id": "node/4799342647"
    },
    {
      "type": "Feature",
      "properties": {
        "@id": "node/4879485521",
        "access": "yes",
        "amenity": "toilets",
        "fee": "no",
        "male": "only",
        "toilets:disposal": "flush",
        "unisex": "no"
      },
      "geometry": {
        "type": "Point",
        "coordinates": [
          -73.9768359,
          40.6632973
        ]
      },
      "id": "node/4879485521"
    },
    {
      "type": "Feature",
      "properties": {
        "@id": "node/4879541821",
        "amenity": "toilets",
        "fee": "no",
        "wheelchair": "yes"
      },
      "geometry": {
        "type": "Point",
        "coordinates": [
          -73.9654294,
          40.5746372
        ]
      },
      "id": "node/4879541821"
    },
    {
      "type": "Feature",
      "properties": {
        "@id": "node/4879541822",
        "access": "yes",
        "amenity": "toilets",
        "female": "yes",
        "male": "yes",
        "toilets:unisex": "no"
      },
      "geometry": {
        "type": "Point",
        "coordinates": [
          -73.9634812,
          40.6628246
        ]
      },
      "id": "node/4879541822"
    },
    {
      "type": "Feature",
      "properties": {
        "@id": "node/4898403821",
        "access": "yes",
        "amenity": "toilets",
        "fee": "no",
        "female": "only",
        "toilets:disposal": "flush",
        "unisex": "no"
      },
      "geometry": {
        "type": "Point",
        "coordinates": [
          -73.9766205,
          40.6635789
        ]
      },
      "id": "node/4898403821"
    },
    {
      "type": "Feature",
      "properties": {
        "@id": "node/4918770514",
        "amenity": "toilets"
      },
      "geometry": {
        "type": "Point",
        "coordinates": [
          -73.8846862,
          40.6291169
        ]
      },
      "id": "node/4918770514"
    },
    {
      "type": "Feature",
      "properties": {
        "@id": "node/4918770515",
        "amenity": "toilets"
      },
      "geometry": {
        "type": "Point",
        "coordinates": [
          -73.884831,
          40.6290737
        ]
      },
      "id": "node/4918770515"
    },
    {
      "type": "Feature",
      "properties": {
        "@id": "node/4968632283",
        "amenity": "toilets",
        "fee": "no",
        "toilets:disposal": "flush"
      },
      "geometry": {
        "type": "Point",
        "coordinates": [
          -73.9548037,
          40.656539
        ]
      },
      "id": "node/4968632283"
    },
    {
      "type": "Feature",
      "properties": {
        "@id": "node/5031473222",
        "addr:city": "Gbarnga",
        "amenity": "toilets"
      },
      "geometry": {
        "type": "Point",
        "coordinates": [
          -9.4848034,
          7.0126696
        ]
      },
      "id": "node/5031473222"
    },
    {
      "type": "Feature",
      "properties": {
        "@id": "node/5031473223",
        "addr:city": "Gbarnga",
        "amenity": "toilets",
        "fee": "no",
        "toilets:access": "permissive",
        "toilets:disposal": "pitlatrine",
        "toilets:handwashing": "no"
      },
      "geometry": {
        "type": "Point",
        "coordinates": [
          -9.4843849,
          7.0127016
        ]
      },
      "id": "node/5031473223"
    },
    {
      "type": "Feature",
      "properties": {
        "@id": "node/5031473226",
        "addr:city": "Gbarnga",
        "addr:street": "Brooklyn Street",
        "amenity": "toilets",
        "fee": "no",
        "toilets:access": "permissive",
        "toilets:disposal": "pitlatrine",
        "toilets:handwashing": "no"
      },
      "geometry": {
        "type": "Point",
        "coordinates": [
          -9.4803265,
          7.0084406
        ]
      },
      "id": "node/5031473226"
    },
    {
      "type": "Feature",
      "properties": {
        "@id": "node/5031473228",
        "addr:city": "Gbarnga",
        "addr:street": "Monrovia Gbarnga halfway",
        "amenity": "toilets",
        "fee": "no",
        "toilets:access": "permissive",
        "toilets:disposal": "pitlatrine",
        "toilets:handwashing": "no"
      },
      "geometry": {
        "type": "Point",
        "coordinates": [
          -9.4805232,
          7.0083063
        ]
      },
      "id": "node/5031473228"
    },
    {
      "type": "Feature",
      "properties": {
        "@id": "node/5031473232",
        "addr:city": "Gbarnga",
        "amenity": "toilets",
        "fee": "no",
        "toilets:disposal": "pitlatrine"
      },
      "geometry": {
        "type": "Point",
        "coordinates": [
          -9.4819251,
          7.0119381
        ]
      },
      "id": "node/5031473232"
    },
    {
      "type": "Feature",
      "properties": {
        "@id": "node/5031473234",
        "addr:city": "Gbarnga",
        "amenity": "toilets",
        "fee": "no",
        "toilets:access": "permissive",
        "toilets:disposal": "pitlatrine",
        "toilets:handwashing": "no"
      },
      "geometry": {
        "type": "Point",
        "coordinates": [
          -9.4806589,
          7.012093
        ]
      },
      "id": "node/5031473234"
    },
    {
      "type": "Feature",
      "properties": {
        "@id": "node/5031473235",
        "addr:city": "Gbarnga",
        "amenity": "toilets",
        "fee": "no",
        "toilets:access": "permissive",
        "toilets:disposal": "pitlatrine",
        "toilets:handwashing": "no"
      },
      "geometry": {
        "type": "Point",
        "coordinates": [
          -9.480671,
          7.0121289
        ]
      },
      "id": "node/5031473235"
    },
    {
      "type": "Feature",
      "properties": {
        "@id": "node/5031473237",
        "addr:city": "Gbarnga",
        "amenity": "toilets",
        "toilets:access": "permissive",
        "toilets:disposal": "pitlatrine",
        "toilets:handwashing": "no"
      },
      "geometry": {
        "type": "Point",
        "coordinates": [
          -9.4804953,
          7.0121968
        ]
      },
      "id": "node/5031473237"
    },
    {
      "type": "Feature",
      "properties": {
        "@id": "node/5031473238",
        "addr:city": "Gbarnga",
        "amenity": "toilets",
        "fee": "no",
        "toilets:access": "permissive",
        "toilets:disposal": "flush",
        "toilets:handwashing": "no"
      },
      "geometry": {
        "type": "Point",
        "coordinates": [
          -9.4806697,
          7.012403
        ]
      },
      "id": "node/5031473238"
    },
    {
      "type": "Feature",
      "properties": {
        "@id": "node/5031473240",
        "addr:city": "Gbarnga",
        "addr:street": "Brooklyn Streets",
        "amenity": "toilets",
        "fee": "no",
        "toilets:access": "permissive",
        "toilets:disposal": "pitlatrine",
        "toilets:handwashing": "no"
      },
      "geometry": {
        "type": "Point",
        "coordinates": [
          -9.4819384,
          7.0133179
        ]
      },
      "id": "node/5031473240"
    },
    {
      "type": "Feature",
      "properties": {
        "@id": "node/5031473242",
        "addr:city": "Gbarnga",
        "addr:street": "Brooklyn Streets",
        "amenity": "toilets",
        "fee": "yes",
        "toilets:access": "permissive",
        "toilets:disposal": "pitlatrine",
        "toilets:handwashing": "no"
      },
      "geometry": {
        "type": "Point",
        "coordinates": [
          -9.4826981,
          7.016635
        ]
      },
      "id": "node/5031473242"
    },
    {
      "type": "Feature",
      "properties": {
        "@id": "node/5031473244",
        "addr:city": "Gbarnga",
        "addr:street": "Brooklyn streets",
        "amenity": "toilets",
        "fee": "no",
        "toilets:access": "permissive",
        "toilets:disposal": "pitlatrine",
        "toilets:handwashing": "no"
      },
      "geometry": {
        "type": "Point",
        "coordinates": [
          -9.4829782,
          7.0163768
        ]
      },
      "id": "node/5031473244"
    },
    {
      "type": "Feature",
      "properties": {
        "@id": "node/5031473246",
        "addr:city": "Gbarnga",
        "addr:street": "Brooklyn Streets",
        "amenity": "toilets",
        "fee": "no",
        "toilets:access": "permissive",
        "toilets:disposal": "pitlatrine",
        "toilets:handwashing": "no"
      },
      "geometry": {
        "type": "Point",
        "coordinates": [
          -9.4826668,
          7.0157318
        ]
      },
      "id": "node/5031473246"
    },
    {
      "type": "Feature",
      "properties": {
        "@id": "node/5031473247",
        "addr:city": "Gbarnga",
        "amenity": "toilets",
        "building": "yes",
        "fee": "no",
        "toilets:access": "permissive",
        "toilets:disposal": "pitlatrine",
        "toilets:handwashing": "no"
      },
      "geometry": {
        "type": "Point",
        "coordinates": [
          -9.4807157,
          7.0167946
        ]
      },
      "id": "node/5031473247"
    },
    {
      "type": "Feature",
      "properties": {
        "@id": "node/5031473248",
        "addr:city": "Gbarnga",
        "addr:street": "Lofa Road",
        "amenity": "toilets",
        "building": "yes",
        "fee": "no",
        "toilets:access": "permissive",
        "toilets:disposal": "pitlatrine",
        "toilets:handwashing": "no"
      },
      "geometry": {
        "type": "Point",
        "coordinates": [
          -9.4829466,
          7.0151441
        ]
      },
      "id": "node/5031473248"
    },
    {
      "type": "Feature",
      "properties": {
        "@id": "node/5031473250",
        "addr:city": "Gbarnga",
        "addr:street": "Lofa Road",
        "amenity": "toilets",
        "fee": "no",
        "toilets:access": "permissive",
        "toilets:disposal": "pitlatrine",
        "toilets:handwashing": "no"
      },
      "geometry": {
        "type": "Point",
        "coordinates": [
          -9.4824734,
          7.014047
        ]
      },
      "id": "node/5031473250"
    },
    {
      "type": "Feature",
      "properties": {
        "@id": "node/5031473253",
        "addr:city": "Gbarnga",
        "amenity": "toilets",
        "fee": "no",
        "toilets:access": "permissive",
        "toilets:disposal": "pitlatrine",
        "toilets:handwashing": "no"
      },
      "geometry": {
        "type": "Point",
        "coordinates": [
          -9.4810446,
          7.0154546
        ]
      },
      "id": "node/5031473253"
    },
    {
      "type": "Feature",
      "properties": {
        "@id": "node/5031473254",
        "addr:city": "Gbarnga",
        "addr:street": "Lofa Road",
        "amenity": "toilets",
        "fee": "no",
        "toilets:access": "permissive",
        "toilets:disposal": "pitlatrine",
        "toilets:handwashing": "no"
      },
      "geometry": {
        "type": "Point",
        "coordinates": [
          -9.4815348,
          7.0146606
        ]
      },
      "id": "node/5031473254"
    },
    {
      "type": "Feature",
      "properties": {
        "@id": "node/5031473256",
        "addr:city": "Gbarnga",
        "amenity": "toilets",
        "fee": "no",
        "toilets:access": "permissive",
        "toilets:disposal": "flush",
        "toilets:handwashing": "no"
      },
      "geometry": {
        "type": "Point",
        "coordinates": [
          -9.480198,
          7.0155209
        ]
      },
      "id": "node/5031473256"
    },
    {
      "type": "Feature",
      "properties": {
        "@id": "node/5031473263",
        "addr:city": "Gbarnga",
        "addr:street": "Lofa Road",
        "amenity": "toilets",
        "fee": "no",
        "toilets:access": "permissive",
        "toilets:disposal": "pitlatrine",
        "toilets:handwashing": "no"
      },
      "geometry": {
        "type": "Point",
        "coordinates": [
          -9.4806305,
          7.0110159
        ]
      },
      "id": "node/5031473263"
    },
    {
      "type": "Feature",
      "properties": {
        "@id": "node/5031473265",
        "addr:city": "Gbarnga",
        "addr:street": "Lofa Road",
        "amenity": "toilets",
        "fee": "no",
        "toilets:access": "permissive",
        "toilets:disposal": "pitlatrine",
        "toilets:handwashing": "no"
      },
      "geometry": {
        "type": "Point",
        "coordinates": [
          -9.4801545,
          7.0104222
        ]
      },
      "id": "node/5031473265"
    },
    {
      "type": "Feature",
      "properties": {
        "@id": "node/5031473267",
        "addr:city": "Gbarnga",
        "amenity": "toilets",
        "fee": "no",
        "toilets:access": "permissive",
        "toilets:disposal": "pitlatrine",
        "toilets:handwashing": "no"
      },
      "geometry": {
        "type": "Point",
        "coordinates": [
          -9.4794238,
          7.0119346
        ]
      },
      "id": "node/5031473267"
    },
    {
      "type": "Feature",
      "properties": {
        "@id": "node/5031473268",
        "addr:city": "Gbarnga",
        "amenity": "toilets",
        "fee": "no",
        "toilets:access": "permissive",
        "toilets:disposal": "pitlatrine",
        "toilets:handwashing": "no"
      },
      "geometry": {
        "type": "Point",
        "coordinates": [
          -9.4792063,
          7.0122093
        ]
      },
      "id": "node/5031473268"
    },
    {
      "type": "Feature",
      "properties": {
        "@id": "node/5031473269",
        "addr:city": "Gbarnga",
        "addr:street": "lofa road",
        "amenity": "toilets",
        "toilets:access": "permissive",
        "toilets:disposal": "pitlatrine",
        "toilets:handwashing": "no"
      },
      "geometry": {
        "type": "Point",
        "coordinates": [
          -9.4783562,
          7.0118365
        ]
      },
      "id": "node/5031473269"
    },
    {
      "type": "Feature",
      "properties": {
        "@id": "node/5031473275",
        "addr:city": "Gbarnga",
        "addr:street": "lofa road",
        "amenity": "toilets",
        "fee": "no",
        "toilets:access": "permissive",
        "toilets:disposal": "pitlatrine",
        "toilets:handwashing": "yes"
      },
      "geometry": {
        "type": "Point",
        "coordinates": [
          -9.4796552,
          7.0086276
        ]
      },
      "id": "node/5031473275"
    },
    {
      "type": "Feature",
      "properties": {
        "@id": "node/5031473278",
        "addr:city": "Gbarnga",
        "addr:street": "Lofa Road",
        "amenity": "toilets",
        "fee": "no",
        "toilets:access": "permissive",
        "toilets:disposal": "pitlatrine",
        "toilets:handwashing": "no"
      },
      "geometry": {
        "type": "Point",
        "coordinates": [
          -9.4797635,
          7.0093891
        ]
      },
      "id": "node/5031473278"
    },
    {
      "type": "Feature",
      "properties": {
        "@id": "node/5031473279",
        "addr:city": "Gbarnga",
        "addr:street": "Lofa Road",
        "amenity": "toilets",
        "fee": "no",
        "toilets:access": "permissive",
        "toilets:disposal": "pitlatrine",
        "toilets:handwashing": "no"
      },
      "geometry": {
        "type": "Point",
        "coordinates": [
          -9.4797303,
          7.0094001
        ]
      },
      "id": "node/5031473279"
    },
    {
      "type": "Feature",
      "properties": {
        "@id": "node/5031473283",
        "addr:city": "Gbarnga",
        "addr:street": "lofa road",
        "amenity": "toilets",
        "fee": "no",
        "toilets:access": "permissive",
        "toilets:disposal": "pitlatrine",
        "toilets:handwashing": "no"
      },
      "geometry": {
        "type": "Point",
        "coordinates": [
          -9.4796552,
          7.0082271
        ]
      },
      "id": "node/5031473283"
    },
    {
      "type": "Feature",
      "properties": {
        "@id": "node/5031473285",
        "addr:city": "Gbarnga",
        "addr:street": "Lofa Road",
        "amenity": "toilets",
        "fee": "no",
        "toilets:access": "permissive",
        "toilets:disposal": "pitlatrine",
        "toilets:handwashing": "no"
      },
      "geometry": {
        "type": "Point",
        "coordinates": [
          -9.4800187,
          7.009301
        ]
      },
      "id": "node/5031473285"
    },
    {
      "type": "Feature",
      "properties": {
        "@id": "node/5031473287",
        "addr:city": "Gbarnga",
        "addr:street": "Lofa Road",
        "amenity": "toilets",
        "fee": "no",
        "toilets:access": "permissive",
        "toilets:disposal": "pitlatrine",
        "toilets:handwashing": "no"
      },
      "geometry": {
        "type": "Point",
        "coordinates": [
          -9.4800963,
          7.0090918
        ]
      },
      "id": "node/5031473287"
    },
    {
      "type": "Feature",
      "properties": {
        "@id": "node/5031473290",
        "addr:city": "Gbarnga",
        "addr:street": "Lofa Road",
        "amenity": "toilets",
        "fee": "no",
        "toilets:access": "permissive",
        "toilets:disposal": "pitlatrine",
        "toilets:handwashing": "no"
      },
      "geometry": {
        "type": "Point",
        "coordinates": [
          -9.4796859,
          7.0088716
        ]
      },
      "id": "node/5031473290"
    },
    {
      "type": "Feature",
      "properties": {
        "@id": "node/5031473291",
        "addr:city": "Gbarnga",
        "addr:street": "Lofa Road",
        "amenity": "toilets",
        "fee": "no",
        "toilets:access": "permissive",
        "toilets:disposal": "pitlatrine",
        "toilets:handwashing": "no"
      },
      "geometry": {
        "type": "Point",
        "coordinates": [
          -9.4798572,
          7.0090025
        ]
      },
      "id": "node/5031473291"
    },
    {
      "type": "Feature",
      "properties": {
        "@id": "node/5031473295",
        "addr:city": "Gbarnga",
        "amenity": "toilets",
        "fee": "no",
        "toilets:access": "permissive",
        "toilets:disposal": "pitlatrine",
        "toilets:handwashing": "no"
      },
      "geometry": {
        "type": "Point",
        "coordinates": [
          -9.4843736,
          7.0121931
        ]
      },
      "id": "node/5031473295"
    },
    {
      "type": "Feature",
      "properties": {
        "@id": "node/5031473296",
        "addr:city": "Gbarnga",
        "amenity": "toilets",
        "fee": "no",
        "toilets:access": "permissive",
        "toilets:disposal": "pitlatrine",
        "toilets:handwashing": "no"
      },
      "geometry": {
        "type": "Point",
        "coordinates": [
          -9.4846268,
          7.0125178
        ]
      },
      "id": "node/5031473296"
    },
    {
      "type": "Feature",
      "properties": {
        "@id": "node/5031473297",
        "addr:city": "Gbarnga",
        "amenity": "toilets",
        "fee": "no",
        "toilets:access": "permissive",
        "toilets:disposal": "pitlatrine",
        "toilets:handwashing": "no"
      },
      "geometry": {
        "type": "Point",
        "coordinates": [
          -9.4838334,
          7.0129578
        ]
      },
      "id": "node/5031473297"
    },
    {
      "type": "Feature",
      "properties": {
        "@id": "node/5031473298",
        "addr:city": "Gbarnga",
        "amenity": "toilets",
        "fee": "no",
        "toilets:access": "permissive",
        "toilets:disposal": "pitlatrine",
        "toilets:handwashing": "no"
      },
      "geometry": {
        "type": "Point",
        "coordinates": [
          -9.4838663,
          7.013062
        ]
      },
      "id": "node/5031473298"
    },
    {
      "type": "Feature",
      "properties": {
        "@id": "node/5031473299",
        "addr:city": "Gbarnga",
        "amenity": "toilets",
        "fee": "no",
        "toilets:access": "permissive",
        "toilets:disposal": "flush",
        "toilets:handwashing": "no"
      },
      "geometry": {
        "type": "Point",
        "coordinates": [
          -9.4841697,
          7.0137109
        ]
      },
      "id": "node/5031473299"
    },
    {
      "type": "Feature",
      "properties": {
        "@id": "node/5031473301",
        "addr:city": "Gbarnga",
        "amenity": "toilets",
        "fee": "no",
        "toilets:access": "permissive",
        "toilets:disposal": "flush",
        "toilets:handwashing": "no"
      },
      "geometry": {
        "type": "Point",
        "coordinates": [
          -9.4837276,
          7.0137748
        ]
      },
      "id": "node/5031473301"
    },
    {
      "type": "Feature",
      "properties": {
        "@id": "node/5031473303",
        "addr:city": "Gbarnga",
        "amenity": "toilets",
        "fee": "no",
        "toilets:access": "permissive",
        "toilets:disposal": "flush",
        "toilets:handwashing": "no"
      },
      "geometry": {
        "type": "Point",
        "coordinates": [
          -9.4834719,
          7.013292
        ]
      },
      "id": "node/5031473303"
    },
    {
      "type": "Feature",
      "properties": {
        "@id": "node/5031473305",
        "addr:city": "Gbarnga",
        "amenity": "toilets",
        "fee": "no",
        "toilets:access": "permissive",
        "toilets:disposal": "flush",
        "toilets:handwashing": "no"
      },
      "geometry": {
        "type": "Point",
        "coordinates": [
          -9.4834681,
          7.0129877
        ]
      },
      "id": "node/5031473305"
    },
    {
      "type": "Feature",
      "properties": {
        "@id": "node/5031473306",
        "addr:city": "Gbarnga",
        "amenity": "toilets",
        "fee": "no",
        "toilets:access": "permissive",
        "toilets:disposal": "pitlatrine",
        "toilets:handwashing": "no"
      },
      "geometry": {
        "type": "Point",
        "coordinates": [
          -9.4806386,
          7.0088365
        ]
      },
      "id": "node/5031473306"
    },
    {
      "type": "Feature",
      "properties": {
        "@id": "node/5031473307",
        "addr:city": "Gbarnga",
        "amenity": "toilets",
        "fee": "no",
        "toilets:access": "permissive",
        "toilets:disposal": "pitlatrine",
        "toilets:handwashing": "no"
      },
      "geometry": {
        "type": "Point",
        "coordinates": [
          -9.4829348,
          7.0119924
        ]
      },
      "id": "node/5031473307"
    },
    {
      "type": "Feature",
      "properties": {
        "@id": "node/5031473308",
        "addr:city": "Gbarnga",
        "amenity": "toilets",
        "fee": "no",
        "toilets:access": "permissive",
        "toilets:disposal": "pitlatrine",
        "toilets:handwashing": "no"
      },
      "geometry": {
        "type": "Point",
        "coordinates": [
          -9.4806527,
          7.0086542
        ]
      },
      "id": "node/5031473308"
    },
    {
      "type": "Feature",
      "properties": {
        "@id": "node/5031473310",
        "addr:city": "Gbarnga",
        "amenity": "toilets",
        "fee": "no",
        "toilets:access": "permissive",
        "toilets:disposal": "flush",
        "toilets:handwashing": "yes"
      },
      "geometry": {
        "type": "Point",
        "coordinates": [
          -9.4825984,
          7.0113491
        ]
      },
      "id": "node/5031473310"
    },
    {
      "type": "Feature",
      "properties": {
        "@id": "node/5031473313",
        "addr:city": "Gbarnga",
        "amenity": "toilets",
        "fee": "no",
        "toilets:access": "permissive",
        "toilets:disposal": "pitlatrine",
        "toilets:handwashing": "no"
      },
      "geometry": {
        "type": "Point",
        "coordinates": [
          -9.4812179,
          7.0092012
        ]
      },
      "id": "node/5031473313"
    },
    {
      "type": "Feature",
      "properties": {
        "@id": "node/5031473315",
        "addr:city": "Gbarnga",
        "amenity": "toilets",
        "fee": "no",
        "toilets:access": "permissive",
        "toilets:disposal": "pitlatrine",
        "toilets:handwashing": "yes"
      },
      "geometry": {
        "type": "Point",
        "coordinates": [
          -9.4809908,
          7.0090432
        ]
      },
      "id": "node/5031473315"
    },
    {
      "type": "Feature",
      "properties": {
        "@id": "node/5031473316",
        "addr:city": "Gbarnga",
        "amenity": "toilets",
        "fee": "no",
        "toilets:access": "permissive",
        "toilets:disposal": "pitlatrine",
        "toilets:handwashing": "no"
      },
      "geometry": {
        "type": "Point",
        "coordinates": [
          -9.4811897,
          7.0093695
        ]
      },
      "id": "node/5031473316"
    },
    {
      "type": "Feature",
      "properties": {
        "@id": "node/5031473318",
        "addr:city": "Gbarnga",
        "amenity": "toilets",
        "fee": "no",
        "toilets:access": "permissive",
        "toilets:disposal": "flush",
        "toilets:handwashing": "no"
      },
      "geometry": {
        "type": "Point",
        "coordinates": [
          -9.4816243,
          7.0108529
        ]
      },
      "id": "node/5031473318"
    },
    {
      "type": "Feature",
      "properties": {
        "@id": "node/5031473621",
        "addr:city": "Gbarnga",
        "amenity": "toilets",
        "fee": "no",
        "toilets:access": "permissive",
        "toilets:disposal": "flush",
        "toilets:handwashing": "no"
      },
      "geometry": {
        "type": "Point",
        "coordinates": [
          -9.4809975,
          7.0112476
        ]
      },
      "id": "node/5031473621"
    },
    {
      "type": "Feature",
      "properties": {
        "@id": "node/5031473624",
        "addr:city": "Gbarnga",
        "amenity": "toilets",
        "fee": "no",
        "toilets:access": "permissive",
        "toilets:disposal": "pitlatrine",
        "toilets:handwashing": "no"
      },
      "geometry": {
        "type": "Point",
        "coordinates": [
          -9.4816774,
          7.0113297
        ]
      },
      "id": "node/5031473624"
    },
    {
      "type": "Feature",
      "properties": {
        "@id": "node/5031473626",
        "addr:city": "Gbarnga",
        "amenity": "toilets",
        "fee": "no",
        "toilets:access": "permissive",
        "toilets:disposal": "pitlatrine",
        "toilets:handwashing": "no"
      },
      "geometry": {
        "type": "Point",
        "coordinates": [
          -9.4831912,
          7.0143804
        ]
      },
      "id": "node/5031473626"
    },
    {
      "type": "Feature",
      "properties": {
        "@id": "node/5031473628",
        "addr:city": "Gbarnga",
        "amenity": "toilets",
        "fee": "no",
        "toilets:access": "permissive",
        "toilets:disposal": "pitlatrine",
        "toilets:handwashing": "no"
      },
      "geometry": {
        "type": "Point",
        "coordinates": [
          -9.4825467,
          7.0134455
        ]
      },
      "id": "node/5031473628"
    },
    {
      "type": "Feature",
      "properties": {
        "@id": "node/5031473629",
        "addr:city": "Gbarnga",
        "amenity": "toilets",
        "fee": "no",
        "toilets:access": "permissive",
        "toilets:disposal": "flush",
        "toilets:handwashing": "no"
      },
      "geometry": {
        "type": "Point",
        "coordinates": [
          -9.4806537,
          7.0124902
        ]
      },
      "id": "node/5031473629"
    },
    {
      "type": "Feature",
      "properties": {
        "@id": "node/5031473631",
        "addr:city": "Gbarnga",
        "amenity": "toilets",
        "fee": "no",
        "toilets:access": "permissive",
        "toilets:disposal": "pitlatrine",
        "toilets:handwashing": "no"
      },
      "geometry": {
        "type": "Point",
        "coordinates": [
          -9.480933,
          7.0121239
        ]
      },
      "id": "node/5031473631"
    },
    {
      "type": "Feature",
      "properties": {
        "@id": "node/5031473632",
        "addr:city": "Gbarnga",
        "amenity": "toilets",
        "toilets:access": "permissive",
        "toilets:disposal": "pitlatrine",
        "toilets:handwashing": "no"
      },
      "geometry": {
        "type": "Point",
        "coordinates": [
          -9.4823836,
          7.0131471
        ]
      },
      "id": "node/5031473632"
    },
    {
      "type": "Feature",
      "properties": {
        "@id": "node/5031473633",
        "addr:city": "Gbarnga",
        "amenity": "toilets",
        "fee": "no",
        "toilets:access": "permissive",
        "toilets:disposal": "pitlatrine",
        "toilets:handwashing": "no"
      },
      "geometry": {
        "type": "Point",
        "coordinates": [
          -9.4824998,
          7.0133466
        ]
      },
      "id": "node/5031473633"
    },
    {
      "type": "Feature",
      "properties": {
        "@id": "node/5031473635",
        "addr:city": "Gbarnga",
        "amenity": "toilets",
        "fee": "no",
        "toilets:access": "permissive",
        "toilets:disposal": "pitlatrine",
        "toilets:handwashing": "no"
      },
      "geometry": {
        "type": "Point",
        "coordinates": [
          -9.4807116,
          7.0121418
        ]
      },
      "id": "node/5031473635"
    },
    {
      "type": "Feature",
      "properties": {
        "@id": "node/5031473637",
        "addr:city": "Gbarnga",
        "amenity": "toilets",
        "fee": "no",
        "toilets:access": "permissive",
        "toilets:disposal": "flush",
        "toilets:handwashing": "no"
      },
      "geometry": {
        "type": "Point",
        "coordinates": [
          -9.4806052,
          7.0127953
        ]
      },
      "id": "node/5031473637"
    },
    {
      "type": "Feature",
      "properties": {
        "@id": "node/5031473638",
        "addr:city": "Gbarnga",
        "amenity": "toilets",
        "fee": "no",
        "toilets:access": "permissive",
        "toilets:disposal": "pitlatrine",
        "toilets:handwashing": "no"
      },
      "geometry": {
        "type": "Point",
        "coordinates": [
          -9.4807228,
          7.0123423
        ]
      },
      "id": "node/5031473638"
    },
    {
      "type": "Feature",
      "properties": {
        "@id": "node/5031473639",
        "addr:city": "Gbarnga",
        "amenity": "toilets",
        "fee": "no",
        "toilets:access": "permissive",
        "toilets:disposal": "flush",
        "toilets:handwashing": "no"
      },
      "geometry": {
        "type": "Point",
        "coordinates": [
          -9.481042,
          7.0128595
        ]
      },
      "id": "node/5031473639"
    },
    {
      "type": "Feature",
      "properties": {
        "@id": "node/5031473640",
        "addr:city": "Gbarnga",
        "amenity": "toilets",
        "toilets:access": "permissive",
        "toilets:disposal": "pitlatrine",
        "toilets:handwashing": "no"
      },
      "geometry": {
        "type": "Point",
        "coordinates": [
          -9.4820013,
          7.0136259
        ]
      },
      "id": "node/5031473640"
    },
    {
      "type": "Feature",
      "properties": {
        "@id": "node/5031473641",
        "addr:city": "Gbarnga",
        "amenity": "toilets",
        "fee": "no",
        "toilets:access": "permissive",
        "toilets:disposal": "pitlatrine",
        "toilets:handwashing": "no"
      },
      "geometry": {
        "type": "Point",
        "coordinates": [
          -9.4817987,
          7.0136711
        ]
      },
      "id": "node/5031473641"
    },
    {
      "type": "Feature",
      "properties": {
        "@id": "node/5031473642",
        "addr:city": "Gbarnga",
        "amenity": "toilets",
        "fee": "no",
        "toilets:access": "permissive",
        "toilets:disposal": "pitlatrine",
        "toilets:handwashing": "no"
      },
      "geometry": {
        "type": "Point",
        "coordinates": [
          -9.4829106,
          7.0164907
        ]
      },
      "id": "node/5031473642"
    },
    {
      "type": "Feature",
      "properties": {
        "@id": "node/5031473645",
        "addr:city": "Gbarnga",
        "amenity": "toilets",
        "fee": "no",
        "toilets:access": "permissive",
        "toilets:disposal": "flush",
        "toilets:handwashing": "no"
      },
      "geometry": {
        "type": "Point",
        "coordinates": [
          -9.4808745,
          7.0151368
        ]
      },
      "id": "node/5031473645"
    },
    {
      "type": "Feature",
      "properties": {
        "@id": "node/5031473647",
        "addr:city": "Gbarnga",
        "amenity": "toilets",
        "fee": "no",
        "toilets:access": "permissive",
        "toilets:disposal": "flush",
        "toilets:handwashing": "no"
      },
      "geometry": {
        "type": "Point",
        "coordinates": [
          -9.4810725,
          7.0165354
        ]
      },
      "id": "node/5031473647"
    },
    {
      "type": "Feature",
      "properties": {
        "@id": "node/5031473648",
        "addr:city": "Gbarnga",
        "amenity": "toilets",
        "fee": "no",
        "toilets:access": "permissive",
        "toilets:disposal": "pitlatrine",
        "toilets:handwashing": "no"
      },
      "geometry": {
        "type": "Point",
        "coordinates": [
          -9.48122,
          7.0167946
        ]
      },
      "id": "node/5031473648"
    },
    {
      "type": "Feature",
      "properties": {
        "@id": "node/5031473649",
        "addr:city": "Gbarnga",
        "amenity": "toilets",
        "fee": "no",
        "toilets:access": "permissive",
        "toilets:disposal": "pitlatrine",
        "toilets:handwashing": "no"
      },
      "geometry": {
        "type": "Point",
        "coordinates": [
          -9.4814131,
          7.0170822
        ]
      },
      "id": "node/5031473649"
    },
    {
      "type": "Feature",
      "properties": {
        "@id": "node/5031473650",
        "addr:city": "Gbarnga",
        "amenity": "toilets",
        "building": "yes",
        "building:levels": "1",
        "building:material": "brick",
        "fee": "no",
        "toilets:access": "permissive",
        "toilets:disposal": "pitlatrine",
        "toilets:handwashing": "no"
      },
      "geometry": {
        "type": "Point",
        "coordinates": [
          -9.4813399,
          7.0168262
        ]
      },
      "id": "node/5031473650"
    },
    {
      "type": "Feature",
      "properties": {
        "@id": "node/5031473653",
        "addr:city": "Gbarnga",
        "amenity": "toilets",
        "fee": "no",
        "toilets:access": "permissive",
        "toilets:disposal": "flush",
        "toilets:handwashing": "no"
      },
      "geometry": {
        "type": "Point",
        "coordinates": [
          -9.4819799,
          7.0161624
        ]
      },
      "id": "node/5031473653"
    },
    {
      "type": "Feature",
      "properties": {
        "@id": "node/5031473657",
        "addr:city": "Gbarnga",
        "amenity": "toilets",
        "fee": "no",
        "toilets:access": "permissive",
        "toilets:disposal": "pitlatrine",
        "toilets:handwashing": "no"
      },
      "geometry": {
        "type": "Point",
        "coordinates": [
          -9.4815338,
          7.0162023
        ]
      },
      "id": "node/5031473657"
    },
    {
      "type": "Feature",
      "properties": {
        "@id": "node/5031473658",
        "addr:city": "Gbarnga",
        "amenity": "toilets",
        "fee": "no",
        "toilets:access": "permissive",
        "toilets:disposal": "pitlatrine",
        "toilets:handwashing": "no"
      },
      "geometry": {
        "type": "Point",
        "coordinates": [
          -9.4815148,
          7.0162317
        ]
      },
      "id": "node/5031473658"
    },
    {
      "type": "Feature",
      "properties": {
        "@id": "node/5031473663",
        "addr:city": "Gbarnga",
        "amenity": "toilets",
        "fee": "no",
        "toilets:access": "permissive",
        "toilets:disposal": "flush",
        "toilets:handwashing": "no"
      },
      "geometry": {
        "type": "Point",
        "coordinates": [
          -9.4807294,
          7.0156564
        ]
      },
      "id": "node/5031473663"
    },
    {
      "type": "Feature",
      "properties": {
        "@id": "node/5031473666",
        "addr:city": "Gbarnga",
        "amenity": "toilets",
        "fee": "no",
        "toilets:access": "permissive",
        "toilets:disposal": "pitlatrine",
        "toilets:handwashing": "no"
      },
      "geometry": {
        "type": "Point",
        "coordinates": [
          -9.4809347,
          7.0161114
        ]
      },
      "id": "node/5031473666"
    },
    {
      "type": "Feature",
      "properties": {
        "@id": "node/5031473667",
        "addr:city": "Gbarnga",
        "amenity": "toilets",
        "fee": "no",
        "toilets:access": "permissive",
        "toilets:disposal": "pitlatrine",
        "toilets:handwashing": "no"
      },
      "geometry": {
        "type": "Point",
        "coordinates": [
          -9.4817809,
          7.0153521
        ]
      },
      "id": "node/5031473667"
    },
    {
      "type": "Feature",
      "properties": {
        "@id": "node/5031473669",
        "addr:city": "Gbarnga",
        "amenity": "toilets",
        "fee": "no",
        "toilets:access": "permissive",
        "toilets:disposal": "pitlatrine",
        "toilets:handwashing": "no"
      },
      "geometry": {
        "type": "Point",
        "coordinates": [
          -9.4817419,
          7.0152875
        ]
      },
      "id": "node/5031473669"
    },
    {
      "type": "Feature",
      "properties": {
        "@id": "node/5031473671",
        "addr:city": "Gbarnga",
        "amenity": "toilets",
        "fee": "no",
        "toilets:access": "permissive",
        "toilets:disposal": "pitlatrine",
        "toilets:handwashing": "no"
      },
      "geometry": {
        "type": "Point",
        "coordinates": [
          -9.4805137,
          7.0145399
        ]
      },
      "id": "node/5031473671"
    },
    {
      "type": "Feature",
      "properties": {
        "@id": "node/5031473672",
        "addr:city": "Gbarnga",
        "amenity": "toilets",
        "fee": "no",
        "toilets:access": "permissive",
        "toilets:disposal": "pitlatrine",
        "toilets:handwashing": "no"
      },
      "geometry": {
        "type": "Point",
        "coordinates": [
          -9.4813646,
          7.0142416
        ]
      },
      "id": "node/5031473672"
    },
    {
      "type": "Feature",
      "properties": {
        "@id": "node/5031473673",
        "addr:city": "Gbarnga",
        "amenity": "toilets",
        "fee": "no",
        "toilets:access": "permissive",
        "toilets:disposal": "pitlatrine",
        "toilets:handwashing": "no"
      },
      "geometry": {
        "type": "Point",
        "coordinates": [
          -9.4795416,
          7.0108173
        ]
      },
      "id": "node/5031473673"
    },
    {
      "type": "Feature",
      "properties": {
        "@id": "node/5031473674",
        "addr:city": "Gbarnga",
        "amenity": "toilets",
        "fee": "no",
        "toilets:access": "permissive",
        "toilets:disposal": "pitlatrine",
        "toilets:handwashing": "no"
      },
      "geometry": {
        "type": "Point",
        "coordinates": [
          -9.4795483,
          7.0111868
        ]
      },
      "id": "node/5031473674"
    },
    {
      "type": "Feature",
      "properties": {
        "@id": "node/5031473675",
        "addr:city": "Gbarnga",
        "amenity": "toilets",
        "fee": "no",
        "toilets:access": "permissive",
        "toilets:handwashing": "no"
      },
      "geometry": {
        "type": "Point",
        "coordinates": [
          -9.4798088,
          7.010994
        ]
      },
      "id": "node/5031473675"
    },
    {
      "type": "Feature",
      "properties": {
        "@id": "node/5031473676",
        "addr:city": "Gbarnga",
        "amenity": "toilets",
        "fee": "no",
        "toilets:access": "permissive",
        "toilets:disposal": "pitlatrine",
        "toilets:handwashing": "no"
      },
      "geometry": {
        "type": "Point",
        "coordinates": [
          -9.4797897,
          7.0110384
        ]
      },
      "id": "node/5031473676"
    },
    {
      "type": "Feature",
      "properties": {
        "@id": "node/5031473678",
        "addr:city": "Gbarnga",
        "amenity": "toilets",
        "fee": "no",
        "toilets:access": "permissive",
        "toilets:disposal": "pitlatrine",
        "toilets:handwashing": "no"
      },
      "geometry": {
        "type": "Point",
        "coordinates": [
          -9.4796884,
          7.0114836
        ]
      },
      "id": "node/5031473678"
    },
    {
      "type": "Feature",
      "properties": {
        "@id": "node/5031473679",
        "addr:city": "Gbarnga",
        "amenity": "toilets",
        "fee": "no",
        "toilets:access": "permissive",
        "toilets:disposal": "pitlatrine",
        "toilets:handwashing": "yes"
      },
      "geometry": {
        "type": "Point",
        "coordinates": [
          -9.4799566,
          7.0113678
        ]
      },
      "id": "node/5031473679"
    },
    {
      "type": "Feature",
      "properties": {
        "@id": "node/5031473681",
        "addr:city": "Gbarnga",
        "amenity": "toilets",
        "fee": "no",
        "toilets:access": "permissive",
        "toilets:disposal": "pitlatrine",
        "toilets:handwashing": "no"
      },
      "geometry": {
        "type": "Point",
        "coordinates": [
          -9.4804784,
          7.0114117
        ]
      },
      "id": "node/5031473681"
    },
    {
      "type": "Feature",
      "properties": {
        "@id": "node/5031473682",
        "addr:city": "Gbarnga",
        "amenity": "toilets",
        "fee": "no",
        "toilets:access": "permissive",
        "toilets:disposal": "pitlatrine",
        "toilets:handwashing": "no"
      },
      "geometry": {
        "type": "Point",
        "coordinates": [
          -9.4804971,
          7.0113562
        ]
      },
      "id": "node/5031473682"
    },
    {
      "type": "Feature",
      "properties": {
        "@id": "node/5031473683",
        "addr:city": "Gbarnga",
        "amenity": "toilets",
        "fee": "no",
        "toilets:access": "permissive",
        "toilets:disposal": "pitlatrine",
        "toilets:handwashing": "no"
      },
      "geometry": {
        "type": "Point",
        "coordinates": [
          -9.4798815,
          7.0115489
        ]
      },
      "id": "node/5031473683"
    },
    {
      "type": "Feature",
      "properties": {
        "@id": "node/5031473684",
        "addr:city": "Gbarnga",
        "amenity": "toilets",
        "fee": "no",
        "toilets:access": "permissive",
        "toilets:disposal": "flush",
        "toilets:handwashing": "no"
      },
      "geometry": {
        "type": "Point",
        "coordinates": [
          -9.4798082,
          7.0123206
        ]
      },
      "id": "node/5031473684"
    },
    {
      "type": "Feature",
      "properties": {
        "@id": "node/5031473686",
        "addr:city": "Gbarnga",
        "amenity": "toilets",
        "fee": "no",
        "toilets:access": "permissive",
        "toilets:disposal": "pitlatrine",
        "toilets:handwashing": "no"
      },
      "geometry": {
        "type": "Point",
        "coordinates": [
          -9.4804226,
          7.0099883
        ]
      },
      "id": "node/5031473686"
    },
    {
      "type": "Feature",
      "properties": {
        "@id": "node/5031473687",
        "addr:city": "Gbarnga",
        "amenity": "toilets",
        "fee": "no",
        "toilets:access": "permissive",
        "toilets:disposal": "pitlatrine",
        "toilets:handwashing": "no"
      },
      "geometry": {
        "type": "Point",
        "coordinates": [
          -9.4801752,
          7.012032
        ]
      },
      "id": "node/5031473687"
    },
    {
      "type": "Feature",
      "properties": {
        "@id": "node/5031473692",
        "addr:city": "Gbarnga",
        "amenity": "toilets",
        "fee": "no",
        "toilets:access": "permissive",
        "toilets:disposal": "flush",
        "toilets:handwashing": "no"
      },
      "geometry": {
        "type": "Point",
        "coordinates": [
          -9.4794533,
          7.0123206
        ]
      },
      "id": "node/5031473692"
    },
    {
      "type": "Feature",
      "properties": {
        "@id": "node/5031473694",
        "addr:city": "Gbarnga",
        "addr:street": "Lofa road",
        "amenity": "toilets",
        "toilets:access": "permissive",
        "toilets:disposal": "pitlatrine",
        "toilets:handwashing": "no"
      },
      "geometry": {
        "type": "Point",
        "coordinates": [
          -9.4798638,
          7.0097849
        ]
      },
      "id": "node/5031473694"
    },
    {
      "type": "Feature",
      "properties": {
        "@id": "node/5031473704",
        "addr:city": "Gbarnga",
        "amenity": "toilets",
        "fee": "no",
        "toilets:access": "permissive",
        "toilets:disposal": "flush",
        "toilets:handwashing": "no"
      },
      "geometry": {
        "type": "Point",
        "coordinates": [
          -9.4786048,
          7.0115063
        ]
      },
      "id": "node/5031473704"
    },
    {
      "type": "Feature",
      "properties": {
        "@id": "node/5031473705",
        "addr:city": "Gbarnga",
        "amenity": "toilets",
        "fee": "no",
        "toilets:access": "permissive",
        "toilets:disposal": "pitlatrine",
        "toilets:handwashing": "no"
      },
      "geometry": {
        "type": "Point",
        "coordinates": [
          -9.4791315,
          7.0114881
        ]
      },
      "id": "node/5031473705"
    },
    {
      "type": "Feature",
      "properties": {
        "@id": "node/5031473706",
        "addr:city": "Gbarnga",
        "amenity": "toilets",
        "toilets:access": "permissive",
        "toilets:disposal": "pitlatrine",
        "toilets:handwashing": "no"
      },
      "geometry": {
        "type": "Point",
        "coordinates": [
          -9.4792864,
          7.0096185
        ]
      },
      "id": "node/5031473706"
    },
    {
      "type": "Feature",
      "properties": {
        "@id": "node/5031473709",
        "addr:city": "Gbarnga",
        "addr:street": "Lofa Road",
        "amenity": "toilets",
        "fee": "no",
        "toilets:access": "permissive",
        "toilets:disposal": "flush",
        "toilets:handwashing": "no"
      },
      "geometry": {
        "type": "Point",
        "coordinates": [
          -9.4789116,
          7.0112082
        ]
      },
      "id": "node/5031473709"
    },
    {
      "type": "Feature",
      "properties": {
        "@id": "node/5031473710",
        "addr:city": "Gbarnga",
        "addr:street": "Lofa road",
        "amenity": "toilets",
        "toilets:access": "permissive",
        "toilets:disposal": "pitlatrine",
        "toilets:handwashing": "no"
      },
      "geometry": {
        "type": "Point",
        "coordinates": [
          -9.4794727,
          7.0096925
        ]
      },
      "id": "node/5031473710"
    },
    {
      "type": "Feature",
      "properties": {
        "@id": "node/5031473711",
        "addr:city": "Gbarnga",
        "amenity": "toilets",
        "fee": "no",
        "toilets:access": "permissive",
        "toilets:disposal": "pitlatrine",
        "toilets:handwashing": "no"
      },
      "geometry": {
        "type": "Point",
        "coordinates": [
          -9.4794509,
          7.0111182
        ]
      },
      "id": "node/5031473711"
    },
    {
      "type": "Feature",
      "properties": {
        "@id": "node/5031473712",
        "addr:city": "Gbarnga",
        "amenity": "toilets",
        "fee": "no",
        "toilets:access": "permissive",
        "toilets:disposal": "pitlatrine",
        "toilets:handwashing": "no"
      },
      "geometry": {
        "type": "Point",
        "coordinates": [
          -9.4792649,
          7.0108096
        ]
      },
      "id": "node/5031473712"
    },
    {
      "type": "Feature",
      "properties": {
        "@id": "node/5031473716",
        "addr:city": "Gbarnga",
        "amenity": "toilets",
        "fee": "no",
        "toilets:access": "permissive",
        "toilets:disposal": "pitlatrine",
        "toilets:handwashing": "no"
      },
      "geometry": {
        "type": "Point",
        "coordinates": [
          -9.4790018,
          7.0110058
        ]
      },
      "id": "node/5031473716"
    },
    {
      "type": "Feature",
      "properties": {
        "@id": "node/5031473924",
        "addr:city": "Gbarnga",
        "addr:street": "Lofa road",
        "amenity": "toilets",
        "toilets:access": "permissive",
        "toilets:disposal": "pitlatrine",
        "toilets:handwashing": "no"
      },
      "geometry": {
        "type": "Point",
        "coordinates": [
          -9.4796772,
          7.0091825
        ]
      },
      "id": "node/5031473924"
    },
    {
      "type": "Feature",
      "properties": {
        "@id": "node/5031473928",
        "addr:city": "Gbarnga",
        "amenity": "toilets",
        "fee": "no",
        "toilets:access": "permissive",
        "toilets:disposal": "pitlatrine",
        "toilets:handwashing": "no"
      },
      "geometry": {
        "type": "Point",
        "coordinates": [
          -9.4796026,
          7.0083756
        ]
      },
      "id": "node/5031473928"
    },
    {
      "type": "Feature",
      "properties": {
        "@id": "node/5031473937",
        "addr:city": "Gbarnga",
        "amenity": "toilets",
        "fee": "no",
        "toilets:access": "permissive",
        "toilets:disposal": "pitlatrine",
        "toilets:handwashing": "no"
      },
      "geometry": {
        "type": "Point",
        "coordinates": [
          -9.480257,
          7.0080135
        ]
      },
      "id": "node/5031473937"
    },
    {
      "type": "Feature",
      "properties": {
        "@id": "node/5031473943",
        "addr:city": "Gbarnga",
        "amenity": "toilets",
        "fee": "no",
        "toilets:access": "permissive",
        "toilets:disposal": "pitlatrine",
        "toilets:handwashing": "no"
      },
      "geometry": {
        "type": "Point",
        "coordinates": [
          -9.4823813,
          7.0111229
        ]
      },
      "id": "node/5031473943"
    },
    {
      "type": "Feature",
      "properties": {
        "@id": "node/5031473944",
        "addr:city": "Gbarnga",
        "amenity": "toilets",
        "fee": "no",
        "toilets:access": "permissive",
        "toilets:disposal": "pitlatrine",
        "toilets:handwashing": "no"
      },
      "geometry": {
        "type": "Point",
        "coordinates": [
          -9.4824994,
          7.0111549
        ]
      },
      "id": "node/5031473944"
    },
    {
      "type": "Feature",
      "properties": {
        "@id": "node/5031473948",
        "addr:city": "Gbarnga",
        "amenity": "toilets",
        "fee": "no",
        "toilets:access": "permissive",
        "toilets:disposal": "pitlatrine",
        "toilets:handwashing": "no"
      },
      "geometry": {
        "type": "Point",
        "coordinates": [
          -9.4820401,
          7.0126958
        ]
      },
      "id": "node/5031473948"
    },
    {
      "type": "Feature",
      "properties": {
        "@id": "node/5031473951",
        "addr:city": "Gbarnga",
        "amenity": "toilets",
        "fee": "no",
        "toilets:access": "permissive",
        "toilets:disposal": "pitlatrine",
        "toilets:handwashing": "no"
      },
      "geometry": {
        "type": "Point",
        "coordinates": [
          -9.4829434,
          7.0160154
        ]
      },
      "id": "node/5031473951"
    },
    {
      "type": "Feature",
      "properties": {
        "@id": "node/5031473953",
        "addr:city": "Gbarnga",
        "amenity": "toilets",
        "fee": "no",
        "toilets:access": "permissive",
        "toilets:disposal": "pitlatrine",
        "toilets:handwashing": "no"
      },
      "geometry": {
        "type": "Point",
        "coordinates": [
          -9.4832924,
          7.0156171
        ]
      },
      "id": "node/5031473953"
    },
    {
      "type": "Feature",
      "properties": {
        "@id": "node/5031473955",
        "addr:city": "Gbarnga",
        "amenity": "toilets",
        "fee": "no",
        "toilets:access": "permissive",
        "toilets:disposal": "pitlatrine",
        "toilets:handwashing": "no"
      },
      "geometry": {
        "type": "Point",
        "coordinates": [
          -9.4814278,
          7.0146499
        ]
      },
      "id": "node/5031473955"
    },
    {
      "type": "Feature",
      "properties": {
        "@id": "node/5031473959",
        "addr:city": "Gbarnga",
        "amenity": "toilets",
        "fee": "no",
        "toilets:access": "permissive",
        "toilets:disposal": "pitlatrine",
        "toilets:handwashing": "no"
      },
      "geometry": {
        "type": "Point",
        "coordinates": [
          -9.4800497,
          7.0103936
        ]
      },
      "id": "node/5031473959"
    },
    {
      "type": "Feature",
      "properties": {
        "@id": "node/5031473960",
        "addr:city": "Gbarnga",
        "amenity": "toilets",
        "fee": "no",
        "toilets:access": "permissive",
        "toilets:disposal": "pitlatrine",
        "toilets:handwashing": "no"
      },
      "geometry": {
        "type": "Point",
        "coordinates": [
          -9.4800939,
          7.0102839
        ]
      },
      "id": "node/5031473960"
    },
    {
      "type": "Feature",
      "properties": {
        "@id": "node/5036984154",
        "addr:city": "Gbarnga",
        "addr:street": "Lofa Road",
        "amenity": "toilets",
        "fee": "no",
        "toilets:access": "permissive",
        "toilets:disposal": "flush",
        "toilets:handwashing": "no"
      },
      "geometry": {
        "type": "Point",
        "coordinates": [
          -9.4771457,
          7.013668
        ]
      },
      "id": "node/5036984154"
    },
    {
      "type": "Feature",
      "properties": {
        "@id": "node/5036984155",
        "addr:city": "Gbarnga",
        "addr:street": "Lofa Road",
        "amenity": "toilets",
        "fee": "no",
        "toilets:access": "permissive",
        "toilets:disposal": "pitlatrine",
        "toilets:handwashing": "no"
      },
      "geometry": {
        "type": "Point",
        "coordinates": [
          -9.4773163,
          7.0139082
        ]
      },
      "id": "node/5036984155"
    },
    {
      "type": "Feature",
      "properties": {
        "@id": "node/5036984156",
        "addr:city": "Gbarnga",
        "addr:street": "Lofa Road",
        "amenity": "toilets",
        "fee": "no",
        "toilets:access": "permissive",
        "toilets:disposal": "pitlatrine",
        "toilets:handwashing": "no"
      },
      "geometry": {
        "type": "Point",
        "coordinates": [
          -9.4773348,
          7.0138186
        ]
      },
      "id": "node/5036984156"
    },
    {
      "type": "Feature",
      "properties": {
        "@id": "node/5036984158",
        "addr:city": "Gbarnga",
        "addr:street": "Lofa Road",
        "amenity": "toilets",
        "fee": "no",
        "toilets:access": "permissive",
        "toilets:disposal": "pitlatrine",
        "toilets:handwashing": "no"
      },
      "geometry": {
        "type": "Point",
        "coordinates": [
          -9.4773523,
          7.0141056
        ]
      },
      "id": "node/5036984158"
    },
    {
      "type": "Feature",
      "properties": {
        "@id": "node/5036984161",
        "addr:city": "Gbarnga",
        "addr:street": "Lofa Road",
        "amenity": "toilets",
        "fee": "no",
        "operator": "Dorothy Cooper Elementary and Junior High school",
        "toilets:access": "customers",
        "toilets:disposal": "flush",
        "toilets:handwashing": "no"
      },
      "geometry": {
        "type": "Point",
        "coordinates": [
          -9.4788678,
          7.0134843
        ]
      },
      "id": "node/5036984161"
    },
    {
      "type": "Feature",
      "properties": {
        "@id": "node/5036984162",
        "addr:city": "Gbarnga",
        "addr:street": "Lofa Road",
        "amenity": "toilets",
        "fee": "no",
        "operator": "Dorothy Cooper School",
        "toilets:access": "permissive",
        "toilets:disposal": "flush",
        "toilets:handwashing": "yes"
      },
      "geometry": {
        "type": "Point",
        "coordinates": [
          -9.4791855,
          7.013439
        ]
      },
      "id": "node/5036984162"
    },
    {
      "type": "Feature",
      "properties": {
        "@id": "node/5036984163",
        "addr:city": "Gbarnga",
        "addr:street": "Lofa Road",
        "amenity": "toilets",
        "fee": "no",
        "toilets:access": "permissive",
        "toilets:disposal": "flush",
        "toilets:handwashing": "no"
      },
      "geometry": {
        "type": "Point",
        "coordinates": [
          -9.4801773,
          7.0133553
        ]
      },
      "id": "node/5036984163"
    },
    {
      "type": "Feature",
      "properties": {
        "@id": "node/5036984166",
        "addr:city": "Gbarnga",
        "addr:street": "Lofa Road",
        "amenity": "toilets",
        "fee": "no",
        "toilets:access": "permissive",
        "toilets:disposal": "pitlatrine",
        "toilets:handwashing": "no"
      },
      "geometry": {
        "type": "Point",
        "coordinates": [
          -9.478351,
          7.014066
        ]
      },
      "id": "node/5036984166"
    },
    {
      "type": "Feature",
      "properties": {
        "@id": "node/5036984167",
        "addr:city": "Gbarnga",
        "addr:street": "Lofa Road",
        "amenity": "toilets",
        "fee": "no",
        "toilets:access": "permissive",
        "toilets:disposal": "pitlatrine",
        "toilets:handwashing": "no"
      },
      "geometry": {
        "type": "Point",
        "coordinates": [
          -9.4788677,
          7.013972
        ]
      },
      "id": "node/5036984167"
    },
    {
      "type": "Feature",
      "properties": {
        "@id": "node/5036984168",
        "addr:street": "Lofa Road",
        "amenity": "toilets",
        "fee": "no",
        "toilets:access": "permissive",
        "toilets:disposal": "pitlatrine",
        "toilets:handwashing": "no"
      },
      "geometry": {
        "type": "Point",
        "coordinates": [
          -9.4796759,
          7.0142553
        ]
      },
      "id": "node/5036984168"
    },
    {
      "type": "Feature",
      "properties": {
        "@id": "node/5036984169",
        "addr:city": "Gbarnga",
        "addr:street": "Lofa Road",
        "amenity": "toilets",
        "fee": "no",
        "toilets:access": "permissive",
        "toilets:disposal": "pitlatrine",
        "toilets:handwashing": "no"
      },
      "geometry": {
        "type": "Point",
        "coordinates": [
          -9.4799263,
          7.014428
        ]
      },
      "id": "node/5036984169"
    },
    {
      "type": "Feature",
      "properties": {
        "@id": "node/5036984170",
        "addr:city": "Gbarnga",
        "addr:street": "Lofa Road",
        "amenity": "toilets",
        "fee": "no",
        "toilets:access": "permissive",
        "toilets:disposal": "flush",
        "toilets:handwashing": "no"
      },
      "geometry": {
        "type": "Point",
        "coordinates": [
          -9.4793298,
          7.0148506
        ]
      },
      "id": "node/5036984170"
    },
    {
      "type": "Feature",
      "properties": {
        "@id": "node/5036984172",
        "addr:city": "Gbarnga",
        "addr:street": "Lofa Road",
        "amenity": "toilets",
        "fee": "no",
        "toilets:access": "permissive",
        "toilets:disposal": "flush",
        "toilets:handwashing": "no"
      },
      "geometry": {
        "type": "Point",
        "coordinates": [
          -9.4791548,
          7.0144819
        ]
      },
      "id": "node/5036984172"
    },
    {
      "type": "Feature",
      "properties": {
        "@id": "node/5036984173",
        "addr:city": "Gbarnga",
        "addr:street": "Lofa Road",
        "amenity": "toilets",
        "fee": "no",
        "toilets:access": "permissive",
        "toilets:disposal": "flush",
        "toilets:handwashing": "no"
      },
      "geometry": {
        "type": "Point",
        "coordinates": [
          -9.479334,
          7.0145739
        ]
      },
      "id": "node/5036984173"
    },
    {
      "type": "Feature",
      "properties": {
        "@id": "node/5036984175",
        "addr:city": "Gbarnga",
        "addr:street": "Lofa Road",
        "amenity": "toilets",
        "fee": "no",
        "toilets:access": "permissive",
        "toilets:disposal": "flush",
        "toilets:handwashing": "no"
      },
      "geometry": {
        "type": "Point",
        "coordinates": [
          -9.4794652,
          7.0162085
        ]
      },
      "id": "node/5036984175"
    },
    {
      "type": "Feature",
      "properties": {
        "@id": "node/5036984176",
        "addr:city": "Gbarnga",
        "addr:street": "Lofa Road",
        "amenity": "toilets",
        "fee": "no",
        "toilets:access": "permissive",
        "toilets:disposal": "pitlatrine",
        "toilets:handwashing": "no"
      },
      "geometry": {
        "type": "Point",
        "coordinates": [
          -9.4794506,
          7.0159911
        ]
      },
      "id": "node/5036984176"
    },
    {
      "type": "Feature",
      "properties": {
        "@id": "node/5036984177",
        "addr:city": "Gbarnga",
        "addr:street": "Lofa Road",
        "amenity": "toilets",
        "fee": "no",
        "toilets:access": "permissive",
        "toilets:disposal": "pitlatrine",
        "toilets:handwashing": "no"
      },
      "geometry": {
        "type": "Point",
        "coordinates": [
          -9.4790304,
          7.0147437
        ]
      },
      "id": "node/5036984177"
    },
    {
      "type": "Feature",
      "properties": {
        "@id": "node/5036984178",
        "addr:city": "Gbarnga",
        "addr:street": "Lofa Road",
        "amenity": "toilets",
        "fee": "no",
        "toilets:access": "permissive",
        "toilets:disposal": "pitlatrine",
        "toilets:handwashing": "no"
      },
      "geometry": {
        "type": "Point",
        "coordinates": [
          -9.4788896,
          7.0147
        ]
      },
      "id": "node/5036984178"
    },
    {
      "type": "Feature",
      "properties": {
        "@id": "node/5036984179",
        "addr:city": "Gbarnga",
        "addr:street": "Lofa Road",
        "amenity": "toilets",
        "fee": "no",
        "toilets:access": "permissive",
        "toilets:disposal": "flush",
        "toilets:handwashing": "no"
      },
      "geometry": {
        "type": "Point",
        "coordinates": [
          -9.4789541,
          7.0162375
        ]
      },
      "id": "node/5036984179"
    },
    {
      "type": "Feature",
      "properties": {
        "@id": "node/5036984180",
        "addr:city": "Gbarnga",
        "addr:street": "Lofa Road",
        "amenity": "toilets",
        "building": "yes",
        "fee": "no",
        "toilets:access": "permissive",
        "toilets:disposal": "pitlatrine",
        "toilets:handwashing": "no"
      },
      "geometry": {
        "type": "Point",
        "coordinates": [
          -9.4791253,
          7.0153679
        ]
      },
      "id": "node/5036984180"
    },
    {
      "type": "Feature",
      "properties": {
        "@id": "node/5036984182",
        "addr:city": "Gbarnga",
        "addr:street": "Lofa Road",
        "amenity": "toilets",
        "fee": "no",
        "toilets:access": "permissive",
        "toilets:disposal": "flush",
        "toilets:handwashing": "no"
      },
      "geometry": {
        "type": "Point",
        "coordinates": [
          -9.4779022,
          7.0157307
        ]
      },
      "id": "node/5036984182"
    },
    {
      "type": "Feature",
      "properties": {
        "@id": "node/5036984184",
        "addr:city": "Gbarnga",
        "addr:street": "Lofa Road",
        "amenity": "toilets",
        "fee": "no",
        "toilets:access": "permissive",
        "toilets:disposal": "flush",
        "toilets:handwashing": "no"
      },
      "geometry": {
        "type": "Point",
        "coordinates": [
          -9.4776985,
          7.0148533
        ]
      },
      "id": "node/5036984184"
    },
    {
      "type": "Feature",
      "properties": {
        "@id": "node/5036984185",
        "addr:city": "Gbarnga",
        "addr:street": "Lofa Road",
        "amenity": "toilets",
        "fee": "no",
        "toilets:access": "permissive",
        "toilets:disposal": "flush",
        "toilets:handwashing": "no"
      },
      "geometry": {
        "type": "Point",
        "coordinates": [
          -9.4768202,
          7.0147234
        ]
      },
      "id": "node/5036984185"
    },
    {
      "type": "Feature",
      "properties": {
        "@id": "node/5036984188",
        "addr:city": "Gbarnga",
        "addr:street": "Lofa Road",
        "amenity": "toilets",
        "fee": "no",
        "toilets:access": "permissive",
        "toilets:disposal": "flush",
        "toilets:handwashing": "no"
      },
      "geometry": {
        "type": "Point",
        "coordinates": [
          -9.4769418,
          7.0119855
        ]
      },
      "id": "node/5036984188"
    },
    {
      "type": "Feature",
      "properties": {
        "@id": "node/5036984191",
        "addr:city": "Gbarnga",
        "addr:street": "Lofa Road",
        "amenity": "toilets",
        "fee": "no",
        "toilets:access": "permissive",
        "toilets:disposal": "pitlatrine",
        "toilets:handwashing": "no"
      },
      "geometry": {
        "type": "Point",
        "coordinates": [
          -9.476407,
          7.013308
        ]
      },
      "id": "node/5036984191"
    },
    {
      "type": "Feature",
      "properties": {
        "@id": "node/5036984193",
        "addr:city": "Gbarnga",
        "addr:street": "Lofa Road",
        "amenity": "toilets",
        "fee": "no",
        "toilets:access": "permissive",
        "toilets:disposal": "pitlatrine",
        "toilets:handwashing": "no"
      },
      "geometry": {
        "type": "Point",
        "coordinates": [
          -9.4762766,
          7.0135295
        ]
      },
      "id": "node/5036984193"
    },
    {
      "type": "Feature",
      "properties": {
        "@id": "node/5036984195",
        "addr:city": "Gbarnga",
        "addr:street": "Lofa Road",
        "amenity": "toilets",
        "fee": "no",
        "toilets:access": "permissive",
        "toilets:disposal": "pitlatrine",
        "toilets:handwashing": "no"
      },
      "geometry": {
        "type": "Point",
        "coordinates": [
          -9.4763196,
          7.0120174
        ]
      },
      "id": "node/5036984195"
    },
    {
      "type": "Feature",
      "properties": {
        "@id": "node/5036984196",
        "addr:city": "Gbarnga",
        "addr:street": "Lofa Road",
        "amenity": "toilets",
        "fee": "no",
        "toilets:access": "permissive",
        "toilets:disposal": "flush",
        "toilets:handwashing": "no"
      },
      "geometry": {
        "type": "Point",
        "coordinates": [
          -9.4757724,
          7.0125072
        ]
      },
      "id": "node/5036984196"
    },
    {
      "type": "Feature",
      "properties": {
        "@id": "node/5036984197",
        "addr:city": "Gbarnga",
        "addr:street": "Lofa Road",
        "amenity": "toilets",
        "fee": "no",
        "toilets:access": "permissive",
        "toilets:disposal": "pitlatrine",
        "toilets:handwashing": "no"
      },
      "geometry": {
        "type": "Point",
        "coordinates": [
          -9.4746995,
          7.0133165
        ]
      },
      "id": "node/5036984197"
    },
    {
      "type": "Feature",
      "properties": {
        "@id": "node/5036984198",
        "addr:city": "Gbarnga",
        "addr:street": "Lofa Road",
        "amenity": "toilets",
        "fee": "no",
        "toilets:access": "permissive",
        "toilets:disposal": "pitlatrine",
        "toilets:handwashing": "no"
      },
      "geometry": {
        "type": "Point",
        "coordinates": [
          -9.4746244,
          7.0132952
        ]
      },
      "id": "node/5036984198"
    },
    {
      "type": "Feature",
      "properties": {
        "@id": "node/5036984199",
        "addr:city": "Gbarnga",
        "addr:street": "Lofa Road",
        "amenity": "toilets",
        "building": "yes",
        "fee": "no",
        "toilets:access": "permissive",
        "toilets:disposal": "flush",
        "toilets:handwashing": "no"
      },
      "geometry": {
        "type": "Point",
        "coordinates": [
          -9.4745493,
          7.0132526
        ]
      },
      "id": "node/5036984199"
    },
    {
      "type": "Feature",
      "properties": {
        "@id": "node/5036984202",
        "addr:city": "Gbarnga",
        "addr:street": "Lofa Road",
        "amenity": "toilets",
        "fee": "no",
        "toilets:access": "permissive",
        "toilets:disposal": "flush",
        "toilets:handwashing": "no"
      },
      "geometry": {
        "type": "Point",
        "coordinates": [
          -9.4742918,
          7.0128054
        ]
      },
      "id": "node/5036984202"
    },
    {
      "type": "Feature",
      "properties": {
        "@id": "node/5036984203",
        "addr:city": "Gbarnga",
        "addr:street": "Lofa Road",
        "amenity": "toilets",
        "fee": "no",
        "toilets:access": "permissive",
        "toilets:disposal": "flush",
        "toilets:handwashing": "no"
      },
      "geometry": {
        "type": "Point",
        "coordinates": [
          -9.4740237,
          7.0117857
        ]
      },
      "id": "node/5036984203"
    },
    {
      "type": "Feature",
      "properties": {
        "@id": "node/5036984204",
        "addr:city": "Gbarnga",
        "addr:street": "Lofa Road",
        "amenity": "toilets",
        "fee": "no",
        "toilets:access": "permissive",
        "toilets:disposal": "flush",
        "toilets:handwashing": "no"
      },
      "geometry": {
        "type": "Point",
        "coordinates": [
          -9.4731116,
          7.010303
        ]
      },
      "id": "node/5036984204"
    },
    {
      "type": "Feature",
      "properties": {
        "@id": "node/5036984208",
        "addr:city": "Gbarnga",
        "addr:street": "Lofa Road",
        "amenity": "toilets",
        "fee": "no",
        "toilets:access": "permissive",
        "toilets:disposal": "pitlatrine",
        "toilets:handwashing": "no"
      },
      "geometry": {
        "type": "Point",
        "coordinates": [
          -9.4739592,
          7.0118044
        ]
      },
      "id": "node/5036984208"
    },
    {
      "type": "Feature",
      "properties": {
        "@id": "node/5036984209",
        "addr:city": "Gbarnga",
        "addr:street": "Lofa Road",
        "amenity": "toilets",
        "fee": "no",
        "toilets:access": "permissive",
        "toilets:disposal": "flush",
        "toilets:handwashing": "no"
      },
      "geometry": {
        "type": "Point",
        "coordinates": [
          -9.4737808,
          7.0124606
        ]
      },
      "id": "node/5036984209"
    },
    {
      "type": "Feature",
      "properties": {
        "@id": "node/5036984210",
        "addr:city": "Gbarnga",
        "addr:street": "Lofa Road",
        "amenity": "toilets",
        "fee": "no",
        "toilets:access": "permissive",
        "toilets:disposal": "flush",
        "toilets:handwashing": "no"
      },
      "geometry": {
        "type": "Point",
        "coordinates": [
          -9.4739056,
          7.0109738
        ]
      },
      "id": "node/5036984210"
    },
    {
      "type": "Feature",
      "properties": {
        "@id": "node/5036984213",
        "addr:city": "Gbarnga",
        "addr:street": "Lofa Road",
        "amenity": "toilets",
        "fee": "no",
        "toilets:access": "permissive",
        "toilets:disposal": "flush",
        "toilets:handwashing": "no"
      },
      "geometry": {
        "type": "Point",
        "coordinates": [
          -9.4754183,
          7.0118044
        ]
      },
      "id": "node/5036984213"
    },
    {
      "type": "Feature",
      "properties": {
        "@id": "node/5036984214",
        "addr:city": "Gbarnga",
        "addr:street": "Lofa Road",
        "amenity": "toilets",
        "fee": "no",
        "toilets:access": "permissive",
        "toilets:disposal": "flush",
        "toilets:handwashing": "no"
      },
      "geometry": {
        "type": "Point",
        "coordinates": [
          -9.4748497,
          7.0103669
        ]
      },
      "id": "node/5036984214"
    },
    {
      "type": "Feature",
      "properties": {
        "@id": "node/5036984215",
        "addr:city": "Gbarnga",
        "addr:street": "Lofa Road",
        "amenity": "toilets",
        "fee": "no",
        "toilets:access": "permissive",
        "toilets:disposal": "pitlatrine",
        "toilets:handwashing": "no"
      },
      "geometry": {
        "type": "Point",
        "coordinates": [
          -9.4750214,
          7.0114104
        ]
      },
      "id": "node/5036984215"
    },
    {
      "type": "Feature",
      "properties": {
        "@id": "node/5036984217",
        "addr:city": "Gbarnga",
        "addr:street": "Lofa Road",
        "amenity": "toilets",
        "fee": "no",
        "toilets:access": "permissive",
        "toilets:disposal": "pitlatrine",
        "toilets:handwashing": "no"
      },
      "geometry": {
        "type": "Point",
        "coordinates": [
          -9.4747853,
          7.0109845
        ]
      },
      "id": "node/5036984217"
    },
    {
      "type": "Feature",
      "properties": {
        "@id": "node/5036984218",
        "addr:city": "Gbarnga",
        "addr:street": "Lofa Road",
        "amenity": "toilets",
        "fee": "no",
        "toilets:access": "permissive",
        "toilets:disposal": "flush",
        "toilets:handwashing": "no"
      },
      "geometry": {
        "type": "Point",
        "coordinates": [
          -9.4752145,
          7.0108993
        ]
      },
      "id": "node/5036984218"
    },
    {
      "type": "Feature",
      "properties": {
        "@id": "node/5036984219",
        "addr:city": "Gbarnga",
        "addr:street": "Lofa Road",
        "amenity": "toilets",
        "fee": "no",
        "toilets:access": "permissive",
        "toilets:disposal": "pitlatrine",
        "toilets:handwashing": "no"
      },
      "geometry": {
        "type": "Point",
        "coordinates": [
          -9.475708,
          7.0114743
        ]
      },
      "id": "node/5036984219"
    },
    {
      "type": "Feature",
      "properties": {
        "@id": "node/5036984721",
        "addr:city": "Gbarnga",
        "addr:street": "Lofa Road",
        "amenity": "toilets",
        "fee": "no",
        "toilets:access": "permissive",
        "toilets:disposal": "pitlatrine",
        "toilets:handwashing": "no"
      },
      "geometry": {
        "type": "Point",
        "coordinates": [
          -9.4750965,
          7.0110377
        ]
      },
      "id": "node/5036984721"
    },
    {
      "type": "Feature",
      "properties": {
        "@id": "node/5036984722",
        "addr:city": "Gbarnga",
        "addr:street": "Lofa Road",
        "amenity": "toilets",
        "fee": "no",
        "toilets:access": "permissive",
        "toilets:disposal": "flush",
        "toilets:handwashing": "no"
      },
      "geometry": {
        "type": "Point",
        "coordinates": [
          -9.4758441,
          7.0116134
        ]
      },
      "id": "node/5036984722"
    },
    {
      "type": "Feature",
      "properties": {
        "@id": "node/5036984723",
        "addr:city": "Gbarnga",
        "addr:street": "Lofa Road",
        "amenity": "toilets",
        "fee": "no",
        "toilets:access": "permissive",
        "toilets:disposal": "flush",
        "toilets:handwashing": "no"
      },
      "geometry": {
        "type": "Point",
        "coordinates": [
          -9.4755256,
          7.0110377
        ]
      },
      "id": "node/5036984723"
    },
    {
      "type": "Feature",
      "properties": {
        "@id": "node/5036984724",
        "addr:city": "Gbarnga",
        "addr:street": "Lofa Road",
        "amenity": "toilets",
        "fee": "no",
        "toilets:access": "permissive",
        "toilets:disposal": "pitlatrine",
        "toilets:handwashing": "no"
      },
      "geometry": {
        "type": "Point",
        "coordinates": [
          -9.4752359,
          7.0108354
        ]
      },
      "id": "node/5036984724"
    },
    {
      "type": "Feature",
      "properties": {
        "@id": "node/5036984725",
        "addr:city": "Gbarnga",
        "addr:street": "Lofa Road",
        "amenity": "toilets",
        "fee": "no",
        "toilets:access": "permissive",
        "toilets:disposal": "pitlatrine",
        "toilets:handwashing": "no"
      },
      "geometry": {
        "type": "Point",
        "coordinates": [
          -9.4755793,
          7.0111336
        ]
      },
      "id": "node/5036984725"
    },
    {
      "type": "Feature",
      "properties": {
        "@id": "node/5036984727",
        "addr:city": "Gbarnga",
        "addr:street": "Lofa Road",
        "amenity": "toilets",
        "fee": "no",
        "toilets:access": "permissive",
        "toilets:disposal": "pitlatrine",
        "toilets:handwashing": "no"
      },
      "geometry": {
        "type": "Point",
        "coordinates": [
          -9.4760571,
          7.0111627
        ]
      },
      "id": "node/5036984727"
    },
    {
      "type": "Feature",
      "properties": {
        "@id": "node/5036984728",
        "addr:city": "Gbarnga",
        "addr:street": "Lofa Road",
        "amenity": "toilets",
        "fee": "no",
        "toilets:access": "permissive",
        "toilets:disposal": "pitlatrine",
        "toilets:handwashing": "no"
      },
      "geometry": {
        "type": "Point",
        "coordinates": [
          -9.4760409,
          7.0112267
        ]
      },
      "id": "node/5036984728"
    },
    {
      "type": "Feature",
      "properties": {
        "@id": "node/5036984729",
        "addr:city": "Gbarnga",
        "addr:street": "Lofa Road",
        "amenity": "toilets",
        "fee": "no",
        "toilets:access": "permissive",
        "toilets:disposal": "pitlatrine",
        "toilets:handwashing": "no"
      },
      "geometry": {
        "type": "Point",
        "coordinates": [
          -9.4761304,
          7.011206
        ]
      },
      "id": "node/5036984729"
    },
    {
      "type": "Feature",
      "properties": {
        "@id": "node/5036984732",
        "addr:city": "Gbarnga",
        "addr:street": "Lofa Road",
        "amenity": "toilets",
        "fee": "no",
        "toilets:access": "permissive",
        "toilets:disposal": "pitlatrine",
        "toilets:handwashing": "no"
      },
      "geometry": {
        "type": "Point",
        "coordinates": [
          -9.4772637,
          7.0135508
        ]
      },
      "id": "node/5036984732"
    },
    {
      "type": "Feature",
      "properties": {
        "@id": "node/5036984733",
        "addr:city": "Gbarnga",
        "addr:street": "lofa Road",
        "amenity": "toilets",
        "fee": "no",
        "toilets:access": "permissive",
        "toilets:disposal": "bucket",
        "toilets:handwashing": "no"
      },
      "geometry": {
        "type": "Point",
        "coordinates": [
          -9.4774835,
          7.0142079
        ]
      },
      "id": "node/5036984733"
    },
    {
      "type": "Feature",
      "properties": {
        "@id": "node/5036984734",
        "addr:city": "Gbarnga",
        "addr:street": "Lofa Road",
        "amenity": "toilets",
        "fee": "no",
        "toilets:access": "permissive",
        "toilets:disposal": "pitlatrine",
        "toilets:handwashing": "no"
      },
      "geometry": {
        "type": "Point",
        "coordinates": [
          -9.4772395,
          7.0139129
        ]
      },
      "id": "node/5036984734"
    },
    {
      "type": "Feature",
      "properties": {
        "@id": "node/5036984736",
        "addr:city": "Gbarnga",
        "addr:street": "Lofa Road",
        "amenity": "toilets",
        "fee": "no",
        "toilets:access": "public",
        "toilets:disposal": "pitlatrine",
        "toilets:handwashing": "no"
      },
      "geometry": {
        "type": "Point",
        "coordinates": [
          -9.4775721,
          7.0138703
        ]
      },
      "id": "node/5036984736"
    },
    {
      "type": "Feature",
      "properties": {
        "@id": "node/5036984738",
        "addr:city": "Gbarnga",
        "addr:street": "Lofa road",
        "amenity": "toilets",
        "fee": "no",
        "toilets:access": "permissive",
        "toilets:disposal": "pitlatrine",
        "toilets:handwashing": "no"
      },
      "geometry": {
        "type": "Point",
        "coordinates": [
          -9.4779262,
          7.0138596
        ]
      },
      "id": "node/5036984738"
    },
    {
      "type": "Feature",
      "properties": {
        "@id": "node/5036984739",
        "addr:city": "Gbarnga",
        "addr:street": "Lofa Load",
        "amenity": "toilets",
        "fee": "no",
        "toilets:access": "permissive",
        "toilets:disposal": "flush",
        "toilets:handwashing": "no",
        "waste": "toilet"
      },
      "geometry": {
        "type": "Point",
        "coordinates": [
          -9.4781757,
          7.0133659
        ]
      },
      "id": "node/5036984739"
    },
    {
      "type": "Feature",
      "properties": {
        "@id": "node/5036984740",
        "addr:city": "Gbarnga",
        "addr:street": "Lofa Load",
        "amenity": "toilets",
        "fee": "no",
        "toilets:access": "permissive",
        "toilets:disposal": "pitlatrine",
        "toilets:handwashing": "no",
        "waste": "toilet"
      },
      "geometry": {
        "type": "Point",
        "coordinates": [
          -9.4781006,
          7.0133845
        ]
      },
      "id": "node/5036984740"
    },
    {
      "type": "Feature",
      "properties": {
        "@id": "node/5036984742",
        "addr:city": "Gbarnga",
        "addr:street": "Lofa road",
        "amenity": "toilets",
        "fee": "no",
        "toilets:access": "permissive",
        "toilets:disposal": "pitlatrine",
        "toilets:handwashing": "no"
      },
      "geometry": {
        "type": "Point",
        "coordinates": [
          -9.4785672,
          7.0136639
        ]
      },
      "id": "node/5036984742"
    },
    {
      "type": "Feature",
      "properties": {
        "@id": "node/5036984748",
        "addr:city": "Gbarnga",
        "addr:street": "Lofa Road",
        "amenity": "toilets",
        "fee": "no",
        "toilets:access": "permissive",
        "toilets:disposal": "pitlatrine",
        "toilets:handwashing": "no"
      },
      "geometry": {
        "type": "Point",
        "coordinates": [
          -9.4794255,
          7.0158575
        ]
      },
      "id": "node/5036984748"
    },
    {
      "type": "Feature",
      "properties": {
        "@id": "node/5036984749",
        "addr:city": "Gbarnga",
        "addr:street": "Lofa Road",
        "amenity": "toilets",
        "fee": "no",
        "toilets:access": "permissive",
        "toilets:disposal": "pitlatrine",
        "toilets:handwashing": "no"
      },
      "geometry": {
        "type": "Point",
        "coordinates": [
          -9.4787818,
          7.0158043
        ]
      },
      "id": "node/5036984749"
    },
    {
      "type": "Feature",
      "properties": {
        "@id": "node/5036984753",
        "addr:city": "Gbarnga",
        "addr:street": "Lofa road",
        "amenity": "toilets",
        "fee": "no",
        "toilets:access": "permissive",
        "toilets:disposal": "pitlatrine",
        "toilets:handwashing": "no"
      },
      "geometry": {
        "type": "Point",
        "coordinates": [
          -9.4772288,
          7.0146583
        ]
      },
      "id": "node/5036984753"
    },
    {
      "type": "Feature",
      "properties": {
        "@id": "node/5036984756",
        "addr:city": "Gbarnga",
        "addr:street": "Lofa road",
        "amenity": "toilets",
        "fee": "no",
        "toilets:access": "permissive",
        "toilets:disposal": "pitlatrine",
        "toilets:handwashing": "no"
      },
      "geometry": {
        "type": "Point",
        "coordinates": [
          -9.4772677,
          7.0116527
        ]
      },
      "id": "node/5036984756"
    },
    {
      "type": "Feature",
      "properties": {
        "@id": "node/5036984757",
        "addr:city": "Gbarnga",
        "addr:street": "Lofa road",
        "amenity": "toilets",
        "fee": "no",
        "toilets:access": "permissive",
        "toilets:disposal": "pitlatrine",
        "toilets:handwashing": "no"
      },
      "geometry": {
        "type": "Point",
        "coordinates": [
          -9.4773455,
          7.011662
        ]
      },
      "id": "node/5036984757"
    },
    {
      "type": "Feature",
      "properties": {
        "@id": "node/5036984758",
        "addr:city": "Gbarnga",
        "addr:street": "Lofa road",
        "amenity": "toilets",
        "fee": "no",
        "toilets:access": "permissive",
        "toilets:disposal": "pitlatrine",
        "toilets:handwashing": "no"
      },
      "geometry": {
        "type": "Point",
        "coordinates": [
          -9.4770062,
          7.0113252
        ]
      },
      "id": "node/5036984758"
    },
    {
      "type": "Feature",
      "properties": {
        "@id": "node/5036984759",
        "addr:city": "Gbarnga",
        "addr:street": "Lofa road",
        "amenity": "toilets",
        "fee": "no",
        "toilets:access": "permissive",
        "toilets:disposal": "pitlatrine",
        "toilets:handwashing": "no"
      },
      "geometry": {
        "type": "Point",
        "coordinates": [
          -9.4769526,
          7.0112081
        ]
      },
      "id": "node/5036984759"
    },
    {
      "type": "Feature",
      "properties": {
        "@id": "node/5036984760",
        "addr:city": "Gbarnga",
        "addr:street": "Lofa Load",
        "amenity": "toilets",
        "fee": "no",
        "toilets:access": "permissive",
        "toilets:disposal": "flush",
        "toilets:handwashing": "no",
        "waste": "toilet"
      },
      "geometry": {
        "type": "Point",
        "coordinates": [
          -9.477008,
          7.0125813
        ]
      },
      "id": "node/5036984760"
    },
    {
      "type": "Feature",
      "properties": {
        "@id": "node/5036984761",
        "addr:city": "Gbarnga",
        "addr:street": "Lofa road",
        "amenity": "toilets",
        "fee": "no",
        "toilets:access": "permissive",
        "toilets:disposal": "pitlatrine",
        "toilets:handwashing": "no"
      },
      "geometry": {
        "type": "Point",
        "coordinates": [
          -9.4766951,
          7.0109632
        ]
      },
      "id": "node/5036984761"
    },
    {
      "type": "Feature",
      "properties": {
        "@id": "node/5036984762",
        "addr:city": "Gbarnga",
        "addr:street": "Lofa road",
        "amenity": "toilets",
        "fee": "no",
        "toilets:access": "permissive",
        "toilets:disposal": "pitlatrine",
        "toilets:handwashing": "no"
      },
      "geometry": {
        "type": "Point",
        "coordinates": [
          -9.4767827,
          7.0110358
        ]
      },
      "id": "node/5036984762"
    },
    {
      "type": "Feature",
      "properties": {
        "@id": "node/5036984764",
        "addr:city": "Gbarnga",
        "addr:street": "Lofa road",
        "amenity": "toilets",
        "fee": "no",
        "toilets:access": "permissive",
        "toilets:disposal": "pitlatrine",
        "toilets:handwashing": "no"
      },
      "geometry": {
        "type": "Point",
        "coordinates": [
          -9.476681,
          7.0110069
        ]
      },
      "id": "node/5036984764"
    },
    {
      "type": "Feature",
      "properties": {
        "@id": "node/5036984771",
        "addr:city": "Gbarnga",
        "addr:street": "Lofa Road",
        "amenity": "toilets",
        "fee": "no",
        "toilets:access": "permissive",
        "toilets:disposal": "pitlatrine",
        "toilets:handwashing": "no"
      },
      "geometry": {
        "type": "Point",
        "coordinates": [
          -9.4762886,
          7.0118724
        ]
      },
      "id": "node/5036984771"
    },
    {
      "type": "Feature",
      "properties": {
        "@id": "node/5036984772",
        "addr:city": "Gbarnga",
        "addr:street": "Lofa Load",
        "amenity": "toilets",
        "fee": "no",
        "toilets:access": "permissive",
        "toilets:disposal": "flush",
        "toilets:handwashing": "no",
        "waste": "toilet"
      },
      "geometry": {
        "type": "Point",
        "coordinates": [
          -9.475421,
          7.0141218
        ]
      },
      "id": "node/5036984772"
    },
    {
      "type": "Feature",
      "properties": {
        "@id": "node/5036984773",
        "addr:city": "Gbarnga",
        "addr:street": "Lofa road",
        "amenity": "toilets",
        "fee": "no",
        "toilets:access": "permissive",
        "toilets:disposal": "pitlatrine",
        "toilets:handwashing": "no"
      },
      "geometry": {
        "type": "Point",
        "coordinates": [
          -9.4757945,
          7.0123339
        ]
      },
      "id": "node/5036984773"
    },
    {
      "type": "Feature",
      "properties": {
        "@id": "node/5036984776",
        "addr:city": "Gbarnga",
        "addr:street": "Lofa Road",
        "amenity": "toilets",
        "fee": "no",
        "toilets:access": "permissive",
        "toilets:disposal": "pitlatrine",
        "toilets:handwashing": "no"
      },
      "geometry": {
        "type": "Point",
        "coordinates": [
          -9.4754167,
          7.0123339
        ]
      },
      "id": "node/5036984776"
    },
    {
      "type": "Feature",
      "properties": {
        "@id": "node/5036984777",
        "addr:city": "Gbarnga",
        "addr:street": "Lofa road",
        "amenity": "toilets",
        "fee": "no",
        "toilets:access": "permissive",
        "toilets:disposal": "pitlatrine",
        "toilets:handwashing": "no"
      },
      "geometry": {
        "type": "Point",
        "coordinates": [
          -9.4750388,
          7.0124205
        ]
      },
      "id": "node/5036984777"
    },
    {
      "type": "Feature",
      "properties": {
        "@id": "node/5036984784",
        "addr:city": "Gbarnga",
        "addr:street": "Lofa Load",
        "amenity": "toilets",
        "fee": "no",
        "toilets:access": "permissive",
        "toilets:disposal": "pitlatrine",
        "toilets:handwashing": "no",
        "waste": "Toilet"
      },
      "geometry": {
        "type": "Point",
        "coordinates": [
          -9.4738644,
          7.0107343
        ]
      },
      "id": "node/5036984784"
    },
    {
      "type": "Feature",
      "properties": {
        "@id": "node/5036984786",
        "addr:city": "Gbarnga",
        "addr:street": "Lofa Load",
        "amenity": "toilets",
        "fee": "no",
        "toilets:access": "permissive",
        "toilets:disposal": "pitlatrine",
        "toilets:handwashing": "no",
        "waste": "toilet"
      },
      "geometry": {
        "type": "Point",
        "coordinates": [
          -9.4738644,
          7.0108993
        ]
      },
      "id": "node/5036984786"
    },
    {
      "type": "Feature",
      "properties": {
        "@id": "node/5036984788",
        "addr:city": "Gbarnga",
        "addr:street": "Lofa Load",
        "amenity": "toilets",
        "fee": "no",
        "toilets:access": "permissive",
        "toilets:disposal": "pitlatrine",
        "toilets:handwashing": "no",
        "waste": "toilet"
      },
      "geometry": {
        "type": "Point",
        "coordinates": [
          -9.4739808,
          7.0108828
        ]
      },
      "id": "node/5036984788"
    },
    {
      "type": "Feature",
      "properties": {
        "@id": "node/5036984790",
        "addr:city": "Gbarnga",
        "addr:street": "Lofa Road",
        "amenity": "toilets",
        "fee": "no",
        "toilets:access": "permissive",
        "toilets:disposal": "pitlatrine",
        "toilets:handwashing": "no"
      },
      "geometry": {
        "type": "Point",
        "coordinates": [
          -9.4744284,
          7.0118147
        ]
      },
      "id": "node/5036984790"
    },
    {
      "type": "Feature",
      "properties": {
        "@id": "node/5036984791",
        "addr:city": "Gbarnga",
        "addr:street": "Lofa Road",
        "amenity": "toilets",
        "fee": "no",
        "toilets:access": "permissive",
        "toilets:disposal": "pitlatrine",
        "toilets:handwashing": "no"
      },
      "geometry": {
        "type": "Point",
        "coordinates": [
          -9.4746028,
          7.0118724
        ]
      },
      "id": "node/5036984791"
    },
    {
      "type": "Feature",
      "properties": {
        "@id": "node/5036984792",
        "addr:city": "Gbarnga",
        "addr:street": "Lofa Road",
        "amenity": "toilets",
        "fee": "no",
        "toilets:access": "permissive",
        "toilets:disposal": "pitlatrine",
        "toilets:handwashing": "no"
      },
      "geometry": {
        "type": "Point",
        "coordinates": [
          -9.4746755,
          7.0119445
        ]
      },
      "id": "node/5036984792"
    },
    {
      "type": "Feature",
      "properties": {
        "@id": "node/5036984793",
        "addr:city": "Gbarnga",
        "addr:street": "Lofa Load",
        "amenity": "toilets",
        "fee": "no",
        "toilets:access": "permissive",
        "toilets:disposal": "pitlatrine",
        "toilets:handwashing": "no",
        "waste": "toilet"
      },
      "geometry": {
        "type": "Point",
        "coordinates": [
          -9.474469,
          7.0111959
        ]
      },
      "id": "node/5036984793"
    },
    {
      "type": "Feature",
      "properties": {
        "@id": "node/5036984795",
        "addr:city": "Gbarnga",
        "addr:street": "Lofa Road",
        "amenity": "toilets",
        "fee": "no",
        "toilets:access": "permissive",
        "toilets:disposal": "pitlatrine",
        "toilets:handwashing": "no"
      },
      "geometry": {
        "type": "Point",
        "coordinates": [
          -9.4747627,
          7.0118868
        ]
      },
      "id": "node/5036984795"
    },
    {
      "type": "Feature",
      "properties": {
        "@id": "node/5036984797",
        "addr:city": "Gbarnga",
        "addr:street": "Lofa road",
        "amenity": "toilets",
        "fee": "no",
        "toilets:access": "permissive",
        "toilets:disposal": "pitlatrine",
        "toilets:handwashing": "no"
      },
      "geometry": {
        "type": "Point",
        "coordinates": [
          -9.4750824,
          7.0115839
        ]
      },
      "id": "node/5036984797"
    },
    {
      "type": "Feature",
      "properties": {
        "@id": "node/5036984801",
        "addr:city": "Gbarnga",
        "addr:street": "Lofa road",
        "amenity": "toilets",
        "fee": "no",
        "toilets:access": "permissive",
        "toilets:disposal": "pitlatrine",
        "toilets:handwashing": "no"
      },
      "geometry": {
        "type": "Point",
        "coordinates": [
          -9.4748615,
          7.0113491
        ]
      },
      "id": "node/5036984801"
    },
    {
      "type": "Feature",
      "properties": {
        "@id": "node/5036984804",
        "addr:city": "Gbarnga",
        "addr:street": "Lofa Load",
        "amenity": "toilets",
        "fee": "no",
        "toilets:access": "permissive",
        "toilets:disposal": "pitlatrine",
        "toilets:handwashing": "no",
        "waste": "Toilet"
      },
      "geometry": {
        "type": "Point",
        "coordinates": [
          -9.475691,
          7.0105119
        ]
      },
      "id": "node/5036984804"
    },
    {
      "type": "Feature",
      "properties": {
        "@id": "node/5036984805",
        "addr:city": "Gbarnga",
        "addr:street": "Lofa Road",
        "amenity": "toilets",
        "fee": "no",
        "toilets:access": "permissive",
        "toilets:disposal": "pitlatrine",
        "toilets:handwashing": "no"
      },
      "geometry": {
        "type": "Point",
        "coordinates": [
          -9.4756056,
          7.0107473
        ]
      },
      "id": "node/5036984805"
    },
    {
      "type": "Feature",
      "properties": {
        "@id": "node/5038966357",
        "addr:city": "Gbarnga",
        "addr:street": "Lofa Road",
        "amenity": "toilets",
        "fee": "no",
        "toilets:access": "permissive",
        "toilets:disposal": "flush",
        "toilets:handwashing": "no"
      },
      "geometry": {
        "type": "Point",
        "coordinates": [
          -9.4708389,
          7.029264
        ]
      },
      "id": "node/5038966357"
    },
    {
      "type": "Feature",
      "properties": {
        "@id": "node/5038966358",
        "addr:city": "Gbarnga",
        "addr:street": "Lofa Road",
        "amenity": "toilets",
        "fee": "no",
        "toilets:access": "permissive",
        "toilets:disposal": "flush",
        "toilets:handwashing": "no"
      },
      "geometry": {
        "type": "Point",
        "coordinates": [
          -9.4723499,
          7.0315359
        ]
      },
      "id": "node/5038966358"
    },
    {
      "type": "Feature",
      "properties": {
        "@id": "node/5038966359",
        "addr:city": "Gbarnga",
        "addr:street": "Lofa Road",
        "amenity": "toilets",
        "building": "yes",
        "fee": "no",
        "toilets:access": "permissive",
        "toilets:disposal": "flush",
        "toilets:handwashing": "no"
      },
      "geometry": {
        "type": "Point",
        "coordinates": [
          -9.4726099,
          7.0315786
        ]
      },
      "id": "node/5038966359"
    },
    {
      "type": "Feature",
      "properties": {
        "@id": "node/5038966360",
        "addr:city": "Gbarnga",
        "addr:street": "Lofa Road",
        "amenity": "toilets",
        "fee": "no",
        "toilets:access": "permissive",
        "toilets:disposal": "flush",
        "toilets:handwashing": "no"
      },
      "geometry": {
        "type": "Point",
        "coordinates": [
          -9.4749219,
          7.0323937
        ]
      },
      "id": "node/5038966360"
    },
    {
      "type": "Feature",
      "properties": {
        "@id": "node/5039002296",
        "addr:city": "Gbarnga",
        "addr:street": "Lofa Road",
        "amenity": "toilets",
        "fee": "no",
        "toilets:access": "permissive",
        "toilets:disposal": "flush",
        "toilets:handwashing": "no"
      },
      "geometry": {
        "type": "Point",
        "coordinates": [
          -9.471087,
          7.0292827
        ]
      },
      "id": "node/5039002296"
    },
    {
      "type": "Feature",
      "properties": {
        "@id": "node/5039002297",
        "addr:city": "Gbarnga",
        "addr:street": "Lofa Road",
        "amenity": "toilets",
        "fee": "no",
        "toilets:access": "permissive",
        "toilets:disposal": "flush",
        "toilets:handwashing": "no"
      },
      "geometry": {
        "type": "Point",
        "coordinates": [
          -9.4721397,
          7.0280879
        ]
      },
      "id": "node/5039002297"
    },
    {
      "type": "Feature",
      "properties": {
        "@id": "node/5039002299",
        "addr:city": "Gbarnga",
        "addr:street": "Lofa Road",
        "amenity": "toilets",
        "building": "yes",
        "fee": "no",
        "toilets:access": "permissive",
        "toilets:disposal": "flush",
        "toilets:handwashing": "no"
      },
      "geometry": {
        "type": "Point",
        "coordinates": [
          -9.4724167,
          7.0315946
        ]
      },
      "id": "node/5039002299"
    },
    {
      "type": "Feature",
      "properties": {
        "@id": "node/5039002300",
        "addr:city": "Gbarnga",
        "addr:street": "Lofa Road",
        "amenity": "toilets",
        "fee": "no",
        "toilets:access": "permissive",
        "toilets:disposal": "flush",
        "toilets:handwashing": "no"
      },
      "geometry": {
        "type": "Point",
        "coordinates": [
          -9.4727829,
          7.0284709
        ]
      },
      "id": "node/5039002300"
    },
    {
      "type": "Feature",
      "properties": {
        "@id": "node/5039002313",
        "addr:city": "Gbarnga",
        "addr:street": "Lofa Road",
        "amenity": "toilets",
        "fee": "no",
        "toilets:access": "permissive",
        "toilets:disposal": "pitlatrine",
        "toilets:handwashing": "no",
        "waste": "toilet"
      },
      "geometry": {
        "type": "Point",
        "coordinates": [
          -9.4697857,
          7.030109
        ]
      },
      "id": "node/5039002313"
    },
    {
      "type": "Feature",
      "properties": {
        "@id": "node/5039002314",
        "addr:city": "Gbarnga",
        "addr:street": "Lofa Road Community",
        "amenity": "toilets",
        "fee": "no",
        "toilets:access": "permissive",
        "toilets:disposal": "flush",
        "toilets:handwashing": "no"
      },
      "geometry": {
        "type": "Point",
        "coordinates": [
          -9.4713414,
          7.0283201
        ]
      },
      "id": "node/5039002314"
    },
    {
      "type": "Feature",
      "properties": {
        "@id": "node/5039002316",
        "addr:city": "Gbarnga",
        "addr:street": "Lofa road",
        "amenity": "toilets",
        "fee": "no",
        "toilets:access": "permissive",
        "toilets:disposal": "flush",
        "toilets:handwashing": "no"
      },
      "geometry": {
        "type": "Point",
        "coordinates": [
          -9.47088,
          7.0303433
        ]
      },
      "id": "node/5039002316"
    },
    {
      "type": "Feature",
      "properties": {
        "@id": "node/5039002319",
        "addr:city": "Gbarnga",
        "addr:street": "Lofa road",
        "amenity": "toilets",
        "fee": "no",
        "toilets:access": "permissive",
        "toilets:disposal": "flush",
        "toilets:handwashing": "no"
      },
      "geometry": {
        "type": "Point",
        "coordinates": [
          -9.4720709,
          7.0307266
        ]
      },
      "id": "node/5039002319"
    },
    {
      "type": "Feature",
      "properties": {
        "@id": "node/5039002320",
        "addr:city": "Gbarnga",
        "addr:street": "Lofa road",
        "amenity": "toilets",
        "fee": "no",
        "toilets:access": "permissive",
        "toilets:disposal": "pitlatrine",
        "toilets:handwashing": "no"
      },
      "geometry": {
        "type": "Point",
        "coordinates": [
          -9.4720602,
          7.0313974
        ]
      },
      "id": "node/5039002320"
    },
    {
      "type": "Feature",
      "properties": {
        "@id": "node/5039009722",
        "addr:city": "Gbarnga",
        "addr:street": "Lofa road",
        "amenity": "toilets",
        "fee": "no",
        "toilets:access": "permissive",
        "toilets:disposal": "flush",
        "toilets:handwashing": "no"
      },
      "geometry": {
        "type": "Point",
        "coordinates": [
          -9.4740665,
          7.0319618
        ]
      },
      "id": "node/5039009722"
    },
    {
      "type": "Feature",
      "properties": {
        "@id": "node/5039009723",
        "addr:city": "Gbarnga",
        "addr:street": "Lofa road",
        "amenity": "toilets",
        "fee": "no",
        "toilets:access": "permissive",
        "toilets:disposal": "flush",
        "toilets:handwashing": "no"
      },
      "geometry": {
        "type": "Point",
        "coordinates": [
          -9.4742382,
          7.0319937
        ]
      },
      "id": "node/5039009723"
    },
    {
      "type": "Feature",
      "properties": {
        "@id": "node/5039009724",
        "addr:city": "Gbarnga",
        "addr:street": "Lofa road",
        "amenity": "toilets",
        "fee": "no",
        "toilets:access": "permissive",
        "toilets:disposal": "flush",
        "toilets:handwashing": "no"
      },
      "geometry": {
        "type": "Point",
        "coordinates": [
          -9.4729605,
          7.0331721
        ]
      },
      "id": "node/5039009724"
    },
    {
      "type": "Feature",
      "properties": {
        "@id": "node/5039009725",
        "addr:city": "Gbarnga",
        "addr:street": "Lofa road",
        "amenity": "toilets",
        "fee": "no",
        "toilets:access": "permissive",
        "toilets:disposal": "flush",
        "toilets:handwashing": "no"
      },
      "geometry": {
        "type": "Point",
        "coordinates": [
          -9.4709593,
          7.032419
        ]
      },
      "id": "node/5039009725"
    },
    {
      "type": "Feature",
      "properties": {
        "@id": "node/5039009726",
        "addr:city": "Gbarnga",
        "addr:street": "Lofa road",
        "amenity": "toilets",
        "fee": "no",
        "toilets:access": "permissive",
        "toilets:disposal": "flush",
        "toilets:handwashing": "no"
      },
      "geometry": {
        "type": "Point",
        "coordinates": [
          -9.4708559,
          7.0324592
        ]
      },
      "id": "node/5039009726"
    },
    {
      "type": "Feature",
      "properties": {
        "@id": "node/5039009728",
        "addr:city": "Gbarnga",
        "addr:street": "Lofa road",
        "amenity": "toilets",
        "fee": "no",
        "toilets:access": "permissive",
        "toilets:disposal": "flush",
        "toilets:handwashing": "no"
      },
      "geometry": {
        "type": "Point",
        "coordinates": [
          -9.4715867,
          7.0332377
        ]
      },
      "id": "node/5039009728"
    },
    {
      "type": "Feature",
      "properties": {
        "@id": "node/5039009744",
        "addr:city": "Gbarnga",
        "addr:street": "Lofa Road",
        "amenity": "toilets",
        "fee": "no",
        "toilets:disposal": "flush",
        "toilets:handwashing": "no"
      },
      "geometry": {
        "type": "Point",
        "coordinates": [
          -9.4707835,
          7.0310247
        ]
      },
      "id": "node/5039009744"
    },
    {
      "type": "Feature",
      "properties": {
        "@id": "node/5039009745",
        "addr:city": "Gbarnga",
        "addr:street": "Lofa Road",
        "amenity": "toilets",
        "toilets:disposal": "flush",
        "toilets:handwashing": "no"
      },
      "geometry": {
        "type": "Point",
        "coordinates": [
          -9.471041,
          7.0313229
        ]
      },
      "id": "node/5039009745"
    },
    {
      "type": "Feature",
      "properties": {
        "@id": "node/5039009746",
        "addr:city": "Gbarnga",
        "addr:street": "Lofa Road",
        "amenity": "toilets",
        "fee": "no",
        "toilets:disposal": "flush",
        "toilets:handwashing": "no"
      },
      "geometry": {
        "type": "Point",
        "coordinates": [
          -9.4716311,
          7.0314613
        ]
      },
      "id": "node/5039009746"
    },
    {
      "type": "Feature",
      "properties": {
        "@id": "node/5039009747",
        "addr:city": "Gbarnga",
        "addr:street": "Lofa Road",
        "amenity": "toilets",
        "fee": "no",
        "toilets:disposal": "flush",
        "toilets:handwashing": "no"
      },
      "geometry": {
        "type": "Point",
        "coordinates": [
          -9.4718242,
          7.0317382
        ]
      },
      "id": "node/5039009747"
    },
    {
      "type": "Feature",
      "properties": {
        "@id": "node/5039009748",
        "addr:city": "Gbarnga",
        "amenity": "toilets",
        "fee": "no",
        "toilets:disposal": "flush",
        "toilets:handwashing": "no"
      },
      "geometry": {
        "type": "Point",
        "coordinates": [
          -9.4727254,
          7.0321428
        ]
      },
      "id": "node/5039009748"
    },
    {
      "type": "Feature",
      "properties": {
        "@id": "node/5039009749",
        "addr:city": "Gbarnga",
        "addr:street": "Lofa Road",
        "amenity": "toilets",
        "fee": "no",
        "toilets:disposal": "flush",
        "toilets:handwashing": "no"
      },
      "geometry": {
        "type": "Point",
        "coordinates": [
          -9.4733584,
          7.0325687
        ]
      },
      "id": "node/5039009749"
    },
    {
      "type": "Feature",
      "properties": {
        "@id": "node/5039009750",
        "addr:city": "Gbarnga",
        "addr:street": "Lofa Road",
        "amenity": "toilets",
        "fee": "no",
        "toilets:disposal": "flush",
        "toilets:handwashing": "no"
      },
      "geometry": {
        "type": "Point",
        "coordinates": [
          -9.4734898,
          7.0323997
        ]
      },
      "id": "node/5039009750"
    },
    {
      "type": "Feature",
      "properties": {
        "@id": "node/5039009752",
        "addr:city": "Gbarnga",
        "addr:street": "Lofa Road",
        "amenity": "toilets",
        "fee": "no",
        "toilets:disposal": "flush",
        "toilets:handwashing": "no"
      },
      "geometry": {
        "type": "Point",
        "coordinates": [
          -9.474678,
          7.0331544
        ]
      },
      "id": "node/5039009752"
    },
    {
      "type": "Feature",
      "properties": {
        "@id": "node/5039009755",
        "addr:city": "Gbarnga",
        "addr:street": "Lofa Road",
        "amenity": "toilets",
        "fee": "no",
        "toilets:disposal": "flush",
        "toilets:handwashing": "no"
      },
      "geometry": {
        "type": "Point",
        "coordinates": [
          -9.4712448,
          7.0331118
        ]
      },
      "id": "node/5039009755"
    },
    {
      "type": "Feature",
      "properties": {
        "@id": "node/5039448444",
        "addr:city": "Gbarnga",
        "addr:street": "Lofa road community",
        "amenity": "toilets",
        "fee": "no",
        "toilets:access": "permissive",
        "toilets:disposal": "pitlatrine",
        "toilets:handwashing": "no"
      },
      "geometry": {
        "type": "Point",
        "coordinates": [
          -9.481287,
          7.0212709
        ]
      },
      "id": "node/5039448444"
    },
    {
      "type": "Feature",
      "properties": {
        "@id": "node/5039448445",
        "addr:city": "Gbarnga",
        "addr:street": "Lofa road community",
        "amenity": "toilets",
        "fee": "no",
        "toilets:access": "permissive",
        "toilets:disposal": "flush",
        "toilets:handwashing": "no"
      },
      "geometry": {
        "type": "Point",
        "coordinates": [
          -9.4810229,
          7.0212056
        ]
      },
      "id": "node/5039448445"
    },
    {
      "type": "Feature",
      "properties": {
        "@id": "node/5039448475",
        "addr:city": "Gbarnga",
        "addr:street": "Lofa Road",
        "amenity": "toilets",
        "fee": "no",
        "toilets:disposal": "flush",
        "toilets:handwashing": "no"
      },
      "geometry": {
        "type": "Point",
        "coordinates": [
          -9.4758038,
          7.0160042
        ]
      },
      "id": "node/5039448475"
    },
    {
      "type": "Feature",
      "properties": {
        "@id": "node/5039448476",
        "addr:city": "Gbarnga",
        "addr:street": "Lofa Road",
        "amenity": "toilets",
        "fee": "no",
        "toilets:access": "permissive",
        "toilets:disposal": "flush",
        "toilets:handwashing": "no"
      },
      "geometry": {
        "type": "Point",
        "coordinates": [
          -9.477542,
          7.0171193
        ]
      },
      "id": "node/5039448476"
    },
    {
      "type": "Feature",
      "properties": {
        "@id": "node/5039448478",
        "addr:city": "Gbarnga",
        "addr:street": "Lofa Road",
        "amenity": "toilets",
        "fee": "no",
        "toilets:disposal": "flush",
        "toilets:handwashing": "no"
      },
      "geometry": {
        "type": "Point",
        "coordinates": [
          -9.4762859,
          7.0160742
        ]
      },
      "id": "node/5039448478"
    },
    {
      "type": "Feature",
      "properties": {
        "@id": "node/5039448480",
        "addr:city": "Gbarnga",
        "addr:street": "Lofa Road",
        "amenity": "toilets",
        "fee": "no",
        "toilets:disposal": "flush",
        "toilets:handwashing": "no"
      },
      "geometry": {
        "type": "Point",
        "coordinates": [
          -9.4767776,
          7.015957
        ]
      },
      "id": "node/5039448480"
    },
    {
      "type": "Feature",
      "properties": {
        "@id": "node/5039448483",
        "addr:city": "Gbarnga",
        "addr:street": "Lofa Road",
        "amenity": "toilets",
        "fee": "no",
        "toilets:access": "permissive",
        "toilets:disposal": "flush",
        "toilets:handwashing": "no"
      },
      "geometry": {
        "type": "Point",
        "coordinates": [
          -9.4790278,
          7.0172783
        ]
      },
      "id": "node/5039448483"
    },
    {
      "type": "Feature",
      "properties": {
        "@id": "node/5039448485",
        "addr:city": "Gbarnga",
        "addr:street": "Lofa Road",
        "amenity": "toilets",
        "fee": "no",
        "toilets:disposal": "flush",
        "toilets:handwashing": "no"
      },
      "geometry": {
        "type": "Point",
        "coordinates": [
          -9.4786552,
          7.0169941
        ]
      },
      "id": "node/5039448485"
    },
    {
      "type": "Feature",
      "properties": {
        "@id": "node/5039448486",
        "addr:city": "Gbarnga",
        "addr:street": "Lofa Road",
        "amenity": "toilets",
        "fee": "no",
        "toilets:access": "permissive",
        "toilets:disposal": "flush",
        "toilets:handwashing": "no"
      },
      "geometry": {
        "type": "Point",
        "coordinates": [
          -9.4792283,
          7.0170263
        ]
      },
      "id": "node/5039448486"
    },
    {
      "type": "Feature",
      "properties": {
        "@id": "node/5039448488",
        "addr:city": "Gbarnga",
        "addr:street": "Lofa Road",
        "amenity": "toilets",
        "fee": "no",
        "toilets:access": "public",
        "toilets:disposal": "pitlatrine",
        "toilets:handwashing": "no"
      },
      "geometry": {
        "type": "Point",
        "coordinates": [
          -9.4787416,
          7.0172445
        ]
      },
      "id": "node/5039448488"
    },
    {
      "type": "Feature",
      "properties": {
        "@id": "node/5039448490",
        "addr:city": "Gbarnga",
        "addr:street": "Lofa Road",
        "amenity": "toilets",
        "fee": "no",
        "toilets:access": "permissive",
        "toilets:disposal": "flush",
        "toilets:handwashing": "no"
      },
      "geometry": {
        "type": "Point",
        "coordinates": [
          -9.4795624,
          7.017716
        ]
      },
      "id": "node/5039448490"
    },
    {
      "type": "Feature",
      "properties": {
        "@id": "node/5039448491",
        "addr:city": "Gbarnga",
        "addr:street": "Lofa Road",
        "amenity": "toilets",
        "fee": "no",
        "toilets:access": "permissive",
        "toilets:disposal": "pitlatrine",
        "toilets:handwashing": "no"
      },
      "geometry": {
        "type": "Point",
        "coordinates": [
          -9.47946,
          7.0173532
        ]
      },
      "id": "node/5039448491"
    },
    {
      "type": "Feature",
      "properties": {
        "@id": "node/5039448492",
        "addr:city": "Gbarnga",
        "addr:street": "Lofa Road",
        "amenity": "toilets",
        "fee": "no",
        "toilets:access": "public",
        "toilets:disposal": "flush",
        "toilets:handwashing": "no"
      },
      "geometry": {
        "type": "Point",
        "coordinates": [
          -9.4798265,
          7.017916
        ]
      },
      "id": "node/5039448492"
    },
    {
      "type": "Feature",
      "properties": {
        "@id": "node/5039448494",
        "addr:city": "Gbarnga",
        "addr:street": "Lofa Road",
        "amenity": "toilets",
        "fee": "no",
        "toilets:access": "permissive",
        "toilets:disposal": "flush",
        "toilets:handwashing": "no"
      },
      "geometry": {
        "type": "Point",
        "coordinates": [
          -9.4792755,
          7.0183541
        ]
      },
      "id": "node/5039448494"
    },
    {
      "type": "Feature",
      "properties": {
        "@id": "node/5039448497",
        "addr:city": "Gbarnga",
        "addr:street": "Lofa Road",
        "amenity": "toilets",
        "fee": "no",
        "toilets:handwashing": "no"
      },
      "geometry": {
        "type": "Point",
        "coordinates": [
          -9.4782635,
          7.0177797
        ]
      },
      "id": "node/5039448497"
    },
    {
      "type": "Feature",
      "properties": {
        "@id": "node/5039448498",
        "addr:city": "Gbarnga",
        "addr:street": "Lofa Road",
        "amenity": "toilets",
        "fee": "no",
        "toilets:access": "permissive",
        "toilets:disposal": "flush",
        "toilets:handwashing": "no"
      },
      "geometry": {
        "type": "Point",
        "coordinates": [
          -9.4793343,
          7.0185635
        ]
      },
      "id": "node/5039448498"
    },
    {
      "type": "Feature",
      "properties": {
        "@id": "node/5039448499",
        "addr:city": "Gbarnga",
        "addr:street": "Lofa Road",
        "amenity": "toilets",
        "fee": "no",
        "toilets:disposal": "flush",
        "toilets:handwashing": "no"
      },
      "geometry": {
        "type": "Point",
        "coordinates": [
          -9.4780524,
          7.0177797
        ]
      },
      "id": "node/5039448499"
    },
    {
      "type": "Feature",
      "properties": {
        "@id": "node/5039448500",
        "addr:city": "Gbarnga",
        "addr:street": "Lofa Road",
        "amenity": "toilets",
        "fee": "no",
        "toilets:disposal": "flush",
        "toilets:handwashing": "no"
      },
      "geometry": {
        "type": "Point",
        "coordinates": [
          -9.47807,
          7.017867
        ]
      },
      "id": "node/5039448500"
    },
    {
      "type": "Feature",
      "properties": {
        "@id": "node/5039448501",
        "addr:city": "Gbarnga",
        "addr:street": "Lofa Road",
        "amenity": "toilets",
        "fee": "no",
        "toilets:access": "permissive",
        "toilets:disposal": "flush",
        "toilets:handwashing": "no"
      },
      "geometry": {
        "type": "Point",
        "coordinates": [
          -9.4781274,
          7.0185343
        ]
      },
      "id": "node/5039448501"
    },
    {
      "type": "Feature",
      "properties": {
        "@id": "node/5039448503",
        "addr:city": "Gbarnga",
        "addr:street": "Lofa Road",
        "amenity": "toilets",
        "fee": "no",
        "toilets:access": "permissive",
        "toilets:disposal": "flush",
        "toilets:handwashing": "no"
      },
      "geometry": {
        "type": "Point",
        "coordinates": [
          -9.4776171,
          7.0192336
        ]
      },
      "id": "node/5039448503"
    },
    {
      "type": "Feature",
      "properties": {
        "@id": "node/5039448504",
        "addr:city": "Gbarnga",
        "addr:street": "Lofa Road",
        "amenity": "toilets",
        "fee": "no",
        "toilets:access": "permissive",
        "toilets:disposal": "flush",
        "toilets:handwashing": "no"
      },
      "geometry": {
        "type": "Point",
        "coordinates": [
          -9.4775417,
          7.0195857
        ]
      },
      "id": "node/5039448504"
    },
    {
      "type": "Feature",
      "properties": {
        "@id": "node/5039448505",
        "addr:city": "Gbarnga",
        "addr:street": "Lofa Road",
        "amenity": "toilets",
        "fee": "no",
        "toilets:disposal": "flush",
        "toilets:handwashing": "no"
      },
      "geometry": {
        "type": "Point",
        "coordinates": [
          -9.4773839,
          7.0179717
        ]
      },
      "id": "node/5039448505"
    },
    {
      "type": "Feature",
      "properties": {
        "@id": "node/5039448507",
        "addr:city": "Gbarnga",
        "addr:street": "Lofa Road",
        "amenity": "toilets",
        "fee": "no",
        "toilets:access": "permissive",
        "toilets:disposal": "flush",
        "toilets:handwashing": "no"
      },
      "geometry": {
        "type": "Point",
        "coordinates": [
          -9.476453,
          7.0185278
        ]
      },
      "id": "node/5039448507"
    },
    {
      "type": "Feature",
      "properties": {
        "@id": "node/5039448508",
        "addr:city": "Gbarnga",
        "addr:street": "Lofa Road",
        "amenity": "toilets",
        "fee": "no",
        "toilets:access": "permissive",
        "toilets:disposal": "pitlatrine",
        "toilets:handwashing": "no"
      },
      "geometry": {
        "type": "Point",
        "coordinates": [
          -9.4764684,
          7.0190396
        ]
      },
      "id": "node/5039448508"
    },
    {
      "type": "Feature",
      "properties": {
        "@id": "node/5039448509",
        "addr:city": "Gbarnga",
        "addr:street": "Lofa Road",
        "amenity": "toilets",
        "fee": "no",
        "toilets:access": "permissive",
        "toilets:disposal": "pitlatrine",
        "toilets:handwashing": "no"
      },
      "geometry": {
        "type": "Point",
        "coordinates": [
          -9.4772342,
          7.0191378
        ]
      },
      "id": "node/5039448509"
    },
    {
      "type": "Feature",
      "properties": {
        "@id": "node/5039448510",
        "addr:city": "Gbarnga",
        "addr:street": "Lofa Road",
        "amenity": "toilets",
        "fee": "no",
        "toilets:disposal": "flush",
        "toilets:handwashing": "no"
      },
      "geometry": {
        "type": "Point",
        "coordinates": [
          -9.4772114,
          7.017728
        ]
      },
      "id": "node/5039448510"
    },
    {
      "type": "Feature",
      "properties": {
        "@id": "node/5039448511",
        "addr:city": "Gbarnga",
        "addr:street": "Lofa Road",
        "amenity": "toilets",
        "fee": "no",
        "toilets:access": "permissive",
        "toilets:disposal": "flush",
        "toilets:handwashing": "no"
      },
      "geometry": {
        "type": "Point",
        "coordinates": [
          -9.4766139,
          7.0181649
        ]
      },
      "id": "node/5039448511"
    },
    {
      "type": "Feature",
      "properties": {
        "@id": "node/5039448512",
        "addr:city": "Gbarnga",
        "addr:street": "Lofa Road",
        "amenity": "toilets",
        "fee": "no",
        "toilets:access": "permissive",
        "toilets:disposal": "flush",
        "toilets:handwashing": "no"
      },
      "geometry": {
        "type": "Point",
        "coordinates": [
          -9.4770314,
          7.0185678
        ]
      },
      "id": "node/5039448512"
    },
    {
      "type": "Feature",
      "properties": {
        "@id": "node/5039448513",
        "addr:city": "Gbarnga",
        "addr:street": "Lofa Road",
        "amenity": "toilets",
        "fee": "no",
        "toilets:access": "permissive",
        "toilets:disposal": "flush",
        "toilets:handwashing": "no"
      },
      "geometry": {
        "type": "Point",
        "coordinates": [
          -9.4762101,
          7.0180048
        ]
      },
      "id": "node/5039448513"
    },
    {
      "type": "Feature",
      "properties": {
        "@id": "node/5039448514",
        "addr:city": "Gbarnga",
        "addr:street": "Lofa Road",
        "amenity": "toilets",
        "fee": "no",
        "toilets:disposal": "flush",
        "toilets:handwashing": "no"
      },
      "geometry": {
        "type": "Point",
        "coordinates": [
          -9.4768596,
          7.0167327
        ]
      },
      "id": "node/5039448514"
    },
    {
      "type": "Feature",
      "properties": {
        "@id": "node/5039448516",
        "addr:city": "Gbarnga",
        "addr:street": "Lofa Road",
        "amenity": "toilets",
        "fee": "no",
        "toilets:disposal": "flush",
        "toilets:handwashing": "no"
      },
      "geometry": {
        "type": "Point",
        "coordinates": [
          -9.4748199,
          7.017128
        ]
      },
      "id": "node/5039448516"
    },
    {
      "type": "Feature",
      "properties": {
        "@id": "node/5039448521",
        "addr:city": "Gbarnga",
        "addr:street": "Lofa Road",
        "amenity": "toilets",
        "fee": "no",
        "toilets:access": "permissive",
        "toilets:disposal": "flush",
        "toilets:handwashing": "no"
      },
      "geometry": {
        "type": "Point",
        "coordinates": [
          -9.4734674,
          7.0214447
        ]
      },
      "id": "node/5039448521"
    },
    {
      "type": "Feature",
      "properties": {
        "@id": "node/5039448523",
        "addr:city": "Gbarnga",
        "addr:street": "Lofa Road",
        "amenity": "toilets",
        "fee": "no",
        "toilets:access": "permissive",
        "toilets:disposal": "flush",
        "toilets:handwashing": "no"
      },
      "geometry": {
        "type": "Point",
        "coordinates": [
          -9.4737429,
          7.0218101
        ]
      },
      "id": "node/5039448523"
    },
    {
      "type": "Feature",
      "properties": {
        "@id": "node/5039448524",
        "addr:city": "Gbarnga",
        "addr:street": "Lofa Road",
        "amenity": "toilets",
        "fee": "no",
        "toilets:disposal": "flush",
        "toilets:handwashing": "no"
      },
      "geometry": {
        "type": "Point",
        "coordinates": [
          -9.4720425,
          7.0231697
        ]
      },
      "id": "node/5039448524"
    },
    {
      "type": "Feature",
      "properties": {
        "@id": "node/5039448525",
        "addr:city": "Gbarnga",
        "addr:street": "Lofa Road",
        "amenity": "toilets",
        "fee": "no",
        "toilets:disposal": "flush",
        "toilets:handwashing": "no"
      },
      "geometry": {
        "type": "Point",
        "coordinates": [
          -9.4724647,
          7.0232221
        ]
      },
      "id": "node/5039448525"
    },
    {
      "type": "Feature",
      "properties": {
        "@id": "node/5039448526",
        "addr:city": "Gbarnga",
        "addr:street": "Lofa Road",
        "amenity": "toilets",
        "fee": "no",
        "toilets:disposal": "flush",
        "toilets:handwashing": "no"
      },
      "geometry": {
        "type": "Point",
        "coordinates": [
          -9.4729885,
          7.0238748
        ]
      },
      "id": "node/5039448526"
    },
    {
      "type": "Feature",
      "properties": {
        "@id": "node/5039448527",
        "addr:city": "Gbarnga",
        "addr:street": "Lofa Road",
        "amenity": "toilets",
        "fee": "no",
        "toilets:disposal": "flush",
        "toilets:handwashing": "no"
      },
      "geometry": {
        "type": "Point",
        "coordinates": [
          -9.4735598,
          7.0238573
        ]
      },
      "id": "node/5039448527"
    },
    {
      "type": "Feature",
      "properties": {
        "@id": "node/5039448528",
        "addr:city": "Gbarnga",
        "addr:street": "Lofa Road",
        "amenity": "toilets",
        "fee": "no",
        "toilets:disposal": "flush",
        "toilets:handwashing": "no"
      },
      "geometry": {
        "type": "Point",
        "coordinates": [
          -9.4735866,
          7.0232636
        ]
      },
      "id": "node/5039448528"
    },
    {
      "type": "Feature",
      "properties": {
        "@id": "node/5039448529",
        "addr:city": "Gbarnga",
        "addr:street": "Lofa Road",
        "amenity": "toilets",
        "fee": "no",
        "toilets:disposal": "flush",
        "toilets:handwashing": "no"
      },
      "geometry": {
        "type": "Point",
        "coordinates": [
          -9.4743783,
          7.0232287
        ]
      },
      "id": "node/5039448529"
    },
    {
      "type": "Feature",
      "properties": {
        "@id": "node/5039448530",
        "addr:city": "Gbarnga",
        "addr:street": "Lofa Road",
        "amenity": "toilets",
        "fee": "no",
        "toilets:access": "permissive",
        "toilets:disposal": "flush",
        "toilets:handwashing": "no"
      },
      "geometry": {
        "type": "Point",
        "coordinates": [
          -9.473226,
          7.0198437
        ]
      },
      "id": "node/5039448530"
    },
    {
      "type": "Feature",
      "properties": {
        "@id": "node/5039448531",
        "addr:city": "Gbarnga",
        "addr:street": "Lofa Road",
        "amenity": "toilets",
        "fee": "no",
        "toilets:access": "permissive",
        "toilets:disposal": "flush",
        "toilets:handwashing": "no"
      },
      "geometry": {
        "type": "Point",
        "coordinates": [
          -9.4734687,
          7.0197296
        ]
      },
      "id": "node/5039448531"
    },
    {
      "type": "Feature",
      "properties": {
        "@id": "node/5039448532",
        "addr:city": "Gbarnga",
        "addr:street": "Lofa Road",
        "amenity": "toilets",
        "fee": "no",
        "toilets:access": "permissive",
        "toilets:disposal": "flush",
        "toilets:handwashing": "no"
      },
      "geometry": {
        "type": "Point",
        "coordinates": [
          -9.4734467,
          7.0198124
        ]
      },
      "id": "node/5039448532"
    },
    {
      "type": "Feature",
      "properties": {
        "@id": "node/5039448533",
        "addr:city": "Gbarnga",
        "addr:street": "Lofa Road",
        "amenity": "toilets",
        "fee": "no",
        "toilets:access": "permissive",
        "toilets:disposal": "flush",
        "toilets:handwashing": "no"
      },
      "geometry": {
        "type": "Point",
        "coordinates": [
          -9.4742431,
          7.0202502
        ]
      },
      "id": "node/5039448533"
    },
    {
      "type": "Feature",
      "properties": {
        "@id": "node/5039448534",
        "addr:city": "Gbarnga",
        "addr:street": "Lofa Road",
        "amenity": "toilets",
        "fee": "no",
        "toilets:access": "permissive",
        "toilets:disposal": "flush",
        "toilets:handwashing": "no"
      },
      "geometry": {
        "type": "Point",
        "coordinates": [
          -9.4757206,
          7.0197383
        ]
      },
      "id": "node/5039448534"
    },
    {
      "type": "Feature",
      "properties": {
        "@id": "node/5039448535",
        "addr:city": "Gbarnga",
        "addr:street": "Lofa Road",
        "amenity": "toilets",
        "fee": "no",
        "toilets:access": "permissive",
        "toilets:disposal": "flush",
        "toilets:handwashing": "no"
      },
      "geometry": {
        "type": "Point",
        "coordinates": [
          -9.4757762,
          7.019442
        ]
      },
      "id": "node/5039448535"
    },
    {
      "type": "Feature",
      "properties": {
        "@id": "node/5039448536",
        "addr:city": "Gbarnga",
        "addr:street": "Lofa Road",
        "amenity": "toilets",
        "fee": "no",
        "toilets:disposal": "flush",
        "toilets:handwashing": "no"
      },
      "geometry": {
        "type": "Point",
        "coordinates": [
          -9.4771469,
          7.020552
        ]
      },
      "id": "node/5039448536"
    },
    {
      "type": "Feature",
      "properties": {
        "@id": "node/5039448537",
        "addr:city": "Gbarnga",
        "addr:street": "Lofa Road",
        "amenity": "toilets",
        "fee": "no",
        "toilets:disposal": "flush",
        "toilets:handwashing": "no"
      },
      "geometry": {
        "type": "Point",
        "coordinates": [
          -9.4791857,
          7.0199769
        ]
      },
      "id": "node/5039448537"
    },
    {
      "type": "Feature",
      "properties": {
        "@id": "node/5039448538",
        "addr:city": "Gbarnga",
        "addr:street": "Lofa Road",
        "amenity": "toilets",
        "fee": "no",
        "toilets:access": "permissive",
        "toilets:disposal": "flush",
        "toilets:handwashing": "no"
      },
      "geometry": {
        "type": "Point",
        "coordinates": [
          -9.4794899,
          7.0195265
        ]
      },
      "id": "node/5039448538"
    },
    {
      "type": "Feature",
      "properties": {
        "@id": "node/5039448539",
        "addr:city": "Gbarnga",
        "addr:street": "Lofa Road",
        "amenity": "toilets",
        "fee": "no",
        "toilets:disposal": "flush",
        "toilets:handwashing": "no"
      },
      "geometry": {
        "type": "Point",
        "coordinates": [
          -9.4795425,
          7.0198463
        ]
      },
      "id": "node/5039448539"
    },
    {
      "type": "Feature",
      "properties": {
        "@id": "node/5039448540",
        "addr:city": "Gbarnga",
        "addr:street": "Lofa Road",
        "amenity": "toilets",
        "fee": "no",
        "toilets:disposal": "flush",
        "toilets:handwashing": "no"
      },
      "geometry": {
        "type": "Point",
        "coordinates": [
          -9.4795777,
          7.0198812
        ]
      },
      "id": "node/5039448540"
    },
    {
      "type": "Feature",
      "properties": {
        "@id": "node/5039448542",
        "addr:city": "Gbarnga",
        "addr:street": "Lofa Road",
        "amenity": "toilets",
        "fee": "no",
        "toilets:disposal": "flush",
        "toilets:handwashing": "no"
      },
      "geometry": {
        "type": "Point",
        "coordinates": [
          -9.4800879,
          7.0197765
        ]
      },
      "id": "node/5039448542"
    },
    {
      "type": "Feature",
      "properties": {
        "@id": "node/5039448545",
        "addr:city": "Gbarnga",
        "addr:street": "Lofa Road",
        "amenity": "toilets",
        "fee": "no",
        "toilets:disposal": "flush",
        "toilets:handwashing": "no"
      },
      "geometry": {
        "type": "Point",
        "coordinates": [
          -9.4804909,
          7.0203211
        ]
      },
      "id": "node/5039448545"
    },
    {
      "type": "Feature",
      "properties": {
        "@id": "node/5039448546",
        "addr:city": "Gbarnga",
        "addr:street": "Lofa Road",
        "amenity": "toilets"
      },
      "geometry": {
        "type": "Point",
        "coordinates": [
          -9.4827491,
          7.0207033
        ]
      },
      "id": "node/5039448546"
    },
    {
      "type": "Feature",
      "properties": {
        "@id": "node/5039448547",
        "addr:city": "Gbarnga",
        "addr:street": "Lofa Road",
        "amenity": "toilets",
        "fee": "no",
        "toilets:access": "permissive",
        "toilets:disposal": "flush",
        "toilets:handwashing": "no"
      },
      "geometry": {
        "type": "Point",
        "coordinates": [
          -9.4828193,
          7.0207845
        ]
      },
      "id": "node/5039448547"
    },
    {
      "type": "Feature",
      "properties": {
        "@id": "node/5039448549",
        "addr:city": "Gbarnga",
        "addr:street": "Lofa Road",
        "amenity": "toilets",
        "fee": "no",
        "toilets:access": "permissive",
        "toilets:disposal": "pitlatrine",
        "toilets:handwashing": "no"
      },
      "geometry": {
        "type": "Point",
        "coordinates": [
          -9.4826906,
          7.0213881
        ]
      },
      "id": "node/5039448549"
    },
    {
      "type": "Feature",
      "properties": {
        "@id": "node/5039448550",
        "addr:city": "Gbarnga",
        "addr:street": "Lofa Road",
        "amenity": "toilets",
        "fee": "no",
        "toilets:disposal": "flush",
        "toilets:handwashing": "no"
      },
      "geometry": {
        "type": "Point",
        "coordinates": [
          -9.4832477,
          7.0212017
        ]
      },
      "id": "node/5039448550"
    },
    {
      "type": "Feature",
      "properties": {
        "@id": "node/5039448551",
        "addr:city": "Gbarnga",
        "addr:street": "Lofa Road",
        "amenity": "toilets",
        "fee": "no",
        "toilets:access": "permissive",
        "toilets:disposal": "flush",
        "toilets:handwashing": "no"
      },
      "geometry": {
        "type": "Point",
        "coordinates": [
          -9.4822003,
          7.0213175
        ]
      },
      "id": "node/5039448551"
    },
    {
      "type": "Feature",
      "properties": {
        "@id": "node/5039448553",
        "addr:city": "Gbarnga",
        "addr:street": "Lofa Road",
        "amenity": "toilets",
        "fee": "no",
        "toilets:access": "permissive",
        "toilets:disposal": "pitlatrine",
        "toilets:handwashing": "no"
      },
      "geometry": {
        "type": "Point",
        "coordinates": [
          -9.4815123,
          7.0198866
        ]
      },
      "id": "node/5039448553"
    },
    {
      "type": "Feature",
      "properties": {
        "@id": "node/5039448554",
        "addr:city": "Gbarnga",
        "addr:street": "Lofa Road",
        "amenity": "toilets",
        "fee": "no",
        "toilets:access": "permissive",
        "toilets:disposal": "pitlatrine",
        "toilets:handwashing": "no"
      },
      "geometry": {
        "type": "Point",
        "coordinates": [
          -9.4813299,
          7.0199612
        ]
      },
      "id": "node/5039448554"
    },
    {
      "type": "Feature",
      "properties": {
        "@id": "node/5039448555",
        "addr:city": "Gbarnga",
        "addr:street": "Lofa Road",
        "amenity": "toilets",
        "fee": "no",
        "toilets:access": "permissive",
        "toilets:disposal": "pitlatrine",
        "toilets:handwashing": "no"
      },
      "geometry": {
        "type": "Point",
        "coordinates": [
          -9.4816451,
          7.0200031
        ]
      },
      "id": "node/5039448555"
    },
    {
      "type": "Feature",
      "properties": {
        "@id": "node/5039448556",
        "addr:city": "Gbarnga",
        "addr:street": "Lofa Road",
        "amenity": "toilets",
        "fee": "no",
        "toilets:access": "permissive",
        "toilets:disposal": "flush",
        "toilets:handwashing": "no"
      },
      "geometry": {
        "type": "Point",
        "coordinates": [
          -9.4812166,
          7.021498
        ]
      },
      "id": "node/5039448556"
    },
    {
      "type": "Feature",
      "properties": {
        "@id": "node/5039448558",
        "addr:city": "Gbarnga",
        "addr:street": "Lofa Road",
        "amenity": "toilets",
        "fee": "no",
        "toilets:access": "permissive",
        "toilets:disposal": "pitlatrine",
        "toilets:handwashing": "no"
      },
      "geometry": {
        "type": "Point",
        "coordinates": [
          -9.4812039,
          7.0206134
        ]
      },
      "id": "node/5039448558"
    },
    {
      "type": "Feature",
      "properties": {
        "@id": "node/5039448594",
        "addr:city": "Gbarnga",
        "addr:street": "Lofa road",
        "amenity": "toilets",
        "fee": "no",
        "toilets:access": "permissive",
        "toilets:disposal": "flush",
        "toilets:handwashing": "no"
      },
      "geometry": {
        "type": "Point",
        "coordinates": [
          -9.4776191,
          7.0169876
        ]
      },
      "id": "node/5039448594"
    },
    {
      "type": "Feature",
      "properties": {
        "@id": "node/5039448596",
        "addr:city": "Gbarnga",
        "addr:street": "Lofa road",
        "amenity": "toilets",
        "fee": "no",
        "toilets:access": "permissive",
        "toilets:disposal": "pitlatrine",
        "toilets:handwashing": "no"
      },
      "geometry": {
        "type": "Point",
        "coordinates": [
          -9.4795167,
          7.0174362
        ]
      },
      "id": "node/5039448596"
    },
    {
      "type": "Feature",
      "properties": {
        "@id": "node/5039448601",
        "addr:city": "Gbarnga",
        "addr:street": "Lofa road",
        "amenity": "toilets",
        "fee": "no",
        "toilets:access": "permissive",
        "toilets:disposal": "flush",
        "toilets:handwashing": "no"
      },
      "geometry": {
        "type": "Point",
        "coordinates": [
          -9.4781327,
          7.0191413
        ]
      },
      "id": "node/5039448601"
    },
    {
      "type": "Feature",
      "properties": {
        "@id": "node/5039448603",
        "addr:city": "Gbarnga",
        "addr:street": "Lofa Road",
        "amenity": "toilets",
        "building": "yes",
        "fee": "no",
        "toilets:access": "permissive",
        "toilets:disposal": "flush",
        "toilets:handwashing": "no"
      },
      "geometry": {
        "type": "Point",
        "coordinates": [
          -9.4774092,
          7.018734
        ]
      },
      "id": "node/5039448603"
    },
    {
      "type": "Feature",
      "properties": {
        "@id": "node/5039448604",
        "addr:city": "Gbarnga",
        "addr:street": "Lofa road",
        "amenity": "toilets",
        "fee": "no",
        "toilets:access": "permissive",
        "toilets:disposal": "flush",
        "toilets:handwashing": "no"
      },
      "geometry": {
        "type": "Point",
        "coordinates": [
          -9.4773978,
          7.0189922
        ]
      },
      "id": "node/5039448604"
    },
    {
      "type": "Feature",
      "properties": {
        "@id": "node/5039448608",
        "addr:city": "Gbarnga",
        "addr:street": "Lofa road",
        "amenity": "toilets",
        "fee": "no",
        "toilets:access": "permissive",
        "toilets:disposal": "flush",
        "toilets:handwashing": "no"
      },
      "geometry": {
        "type": "Point",
        "coordinates": [
          -9.4762512,
          7.0185675
        ]
      },
      "id": "node/5039448608"
    },
    {
      "type": "Feature",
      "properties": {
        "@id": "node/5039448610",
        "addr:city": "Gbarnga",
        "addr:street": "Lofa road",
        "amenity": "toilets",
        "fee": "no",
        "toilets:access": "permissive",
        "toilets:disposal": "flush",
        "toilets:handwashing": "no"
      },
      "geometry": {
        "type": "Point",
        "coordinates": [
          -9.4760795,
          7.0187911
        ]
      },
      "id": "node/5039448610"
    },
    {
      "type": "Feature",
      "properties": {
        "@id": "node/5039448615",
        "addr:city": "Gbarnga",
        "addr:street": "Lofa road",
        "amenity": "toilets",
        "fee": "no",
        "toilets:access": "permissive",
        "toilets:disposal": "flush",
        "toilets:handwashing": "no"
      },
      "geometry": {
        "type": "Point",
        "coordinates": [
          -9.4733342,
          7.0222179
        ]
      },
      "id": "node/5039448615"
    },
    {
      "type": "Feature",
      "properties": {
        "@id": "node/5039448618",
        "addr:city": "Gbarnga",
        "addr:street": "Lofa road",
        "amenity": "toilets",
        "fee": "no",
        "toilets:access": "permissive",
        "toilets:disposal": "flush",
        "toilets:handwashing": "no"
      },
      "geometry": {
        "type": "Point",
        "coordinates": [
          -9.4734155,
          7.0218912
        ]
      },
      "id": "node/5039448618"
    },
    {
      "type": "Feature",
      "properties": {
        "@id": "node/5039448627",
        "addr:city": "Gbarnga",
        "addr:street": "Lofa Road",
        "amenity": "toilets",
        "fee": "no",
        "toilets:access": "permissive",
        "toilets:disposal": "flush",
        "toilets:handwashing": "no",
        "waste": "toilet"
      },
      "geometry": {
        "type": "Point",
        "coordinates": [
          -9.4752705,
          7.0216952
        ]
      },
      "id": "node/5039448627"
    },
    {
      "type": "Feature",
      "properties": {
        "@id": "node/5039448631",
        "addr:city": "Gbarnga",
        "addr:street": "Lofa road",
        "amenity": "toilets",
        "fee": "no",
        "toilets:access": "permissive",
        "toilets:disposal": "pitlatrine",
        "toilets:handwashing": "no"
      },
      "geometry": {
        "type": "Point",
        "coordinates": [
          -9.4769655,
          7.020197
        ]
      },
      "id": "node/5039448631"
    },
    {
      "type": "Feature",
      "properties": {
        "@id": "node/5039448634",
        "addr:city": "Gbarnga",
        "addr:street": "Lofa Road",
        "amenity": "toilets",
        "fee": "no",
        "toilets:access": "permissive",
        "toilets:disposal": "flush",
        "toilets:handwashing": "no",
        "waste": "toilet"
      },
      "geometry": {
        "type": "Point",
        "coordinates": [
          -9.4793046,
          7.0186639
        ]
      },
      "id": "node/5039448634"
    },
    {
      "type": "Feature",
      "properties": {
        "@id": "node/5039448638",
        "addr:city": "Gbarnga",
        "addr:street": "Lofa road",
        "amenity": "toilets",
        "fee": "no",
        "toilets:access": "permissive",
        "toilets:disposal": "flush",
        "toilets:handwashing": "no"
      },
      "geometry": {
        "type": "Point",
        "coordinates": [
          -9.4806513,
          7.018541
        ]
      },
      "id": "node/5039448638"
    },
    {
      "type": "Feature",
      "properties": {
        "@id": "node/5039448640",
        "addr:city": "Gbarnga",
        "addr:street": "Lofa Road",
        "amenity": "toilets",
        "fee": "no",
        "toilets:access": "permissive",
        "toilets:disposal": "flush",
        "toilets:handwashing": "no"
      },
      "geometry": {
        "type": "Point",
        "coordinates": [
          -9.4803245,
          7.0191993
        ]
      },
      "id": "node/5039448640"
    },
    {
      "type": "Feature",
      "properties": {
        "@id": "node/5039448643",
        "addr:city": "Gbarnga",
        "addr:street": "Lofa road",
        "amenity": "toilets",
        "fee": "no",
        "toilets:access": "permissive",
        "toilets:disposal": "flush",
        "toilets:handwashing": "no"
      },
      "geometry": {
        "type": "Point",
        "coordinates": [
          -9.481177,
          7.0185836
        ]
      },
      "id": "node/5039448643"
    },
    {
      "type": "Feature",
      "properties": {
        "@id": "node/5039448644",
        "addr:city": "Gbarnga",
        "addr:street": "Lofa Road",
        "amenity": "toilets",
        "fee": "no",
        "toilets:access": "permissive",
        "toilets:disposal": "flush",
        "toilets:handwashing": "no"
      },
      "geometry": {
        "type": "Point",
        "coordinates": [
          -9.4802396,
          7.0193315
        ]
      },
      "id": "node/5039448644"
    },
    {
      "type": "Feature",
      "properties": {
        "@id": "node/5039448657",
        "addr:city": "Gbarnga",
        "addr:street": "Lofa road community",
        "amenity": "toilets",
        "fee": "no",
        "toilets:access": "permissive",
        "toilets:disposal": "pitlatrine",
        "toilets:handwashing": "no"
      },
      "geometry": {
        "type": "Point",
        "coordinates": [
          -9.4810617,
          7.0219524
        ]
      },
      "id": "node/5039448657"
    },
    {
      "type": "Feature",
      "properties": {
        "@id": "node/5041008210",
        "addr:city": "Gbarnga",
        "addr:street": "Lofa road trip",
        "amenity": "toilets",
        "fee": "no",
        "toilets:access": "permissive",
        "toilets:disposal": "flush",
        "toilets:handwashing": "no"
      },
      "geometry": {
        "type": "Point",
        "coordinates": [
          -9.4749356,
          7.0154717
        ]
      },
      "id": "node/5041008210"
    },
    {
      "type": "Feature",
      "properties": {
        "@id": "node/5041008212",
        "addr:city": "Gbarnga",
        "addr:street": "Lofa Road",
        "amenity": "toilets",
        "fee": "no",
        "toilets:access": "permissive",
        "toilets:disposal": "flush",
        "toilets:handwashing": "no"
      },
      "geometry": {
        "type": "Point",
        "coordinates": [
          -9.480186,
          7.0213654
        ]
      },
      "id": "node/5041008212"
    },
    {
      "type": "Feature",
      "properties": {
        "@id": "node/5041008213",
        "addr:city": "Gbarnga",
        "addr:street": "Lofa Road",
        "amenity": "toilets",
        "fee": "no",
        "toilets:disposal": "flush",
        "toilets:handwashing": "no"
      },
      "geometry": {
        "type": "Point",
        "coordinates": [
          -9.4798105,
          7.0211205
        ]
      },
      "id": "node/5041008213"
    },
    {
      "type": "Feature",
      "properties": {
        "@id": "node/5041008215",
        "addr:city": "Gbarnga",
        "addr:street": "Lofa Road",
        "amenity": "toilets",
        "fee": "no",
        "toilets:access": "permissive",
        "toilets:disposal": "flush",
        "toilets:handwashing": "no"
      },
      "geometry": {
        "type": "Point",
        "coordinates": [
          -9.480304,
          7.0214293
        ]
      },
      "id": "node/5041008215"
    },
    {
      "type": "Feature",
      "properties": {
        "@id": "node/5041008216",
        "addr:city": "Gbarnga",
        "addr:street": "Lofa Road",
        "amenity": "toilets",
        "fee": "no",
        "toilets:disposal": "flush",
        "toilets:handwashing": "no"
      },
      "geometry": {
        "type": "Point",
        "coordinates": [
          -9.4798234,
          7.0212328
        ]
      },
      "id": "node/5041008216"
    },
    {
      "type": "Feature",
      "properties": {
        "@id": "node/5041008217",
        "addr:city": "Gbarnga",
        "addr:street": "Lofa Road",
        "amenity": "toilets",
        "fee": "no",
        "toilets:access": "permissive",
        "toilets:disposal": "flush",
        "toilets:handwashing": "no"
      },
      "geometry": {
        "type": "Point",
        "coordinates": [
          -9.480583,
          7.0215144
        ]
      },
      "id": "node/5041008217"
    },
    {
      "type": "Feature",
      "properties": {
        "@id": "node/5041008218",
        "addr:city": "Gbarnga",
        "addr:street": "Lofa Road",
        "amenity": "toilets",
        "fee": "no",
        "toilets:access": "permissive",
        "toilets:disposal": "flush",
        "toilets:handwashing": "no"
      },
      "geometry": {
        "type": "Point",
        "coordinates": [
          -9.4804757,
          7.021802
        ]
      },
      "id": "node/5041008218"
    },
    {
      "type": "Feature",
      "properties": {
        "@id": "node/5041008219",
        "addr:city": "Gbarnga",
        "addr:street": "Lofa Road",
        "amenity": "toilets",
        "fee": "no",
        "toilets:disposal": "flush",
        "toilets:handwashing": "no"
      },
      "geometry": {
        "type": "Point",
        "coordinates": [
          -9.4798107,
          7.0215592
        ]
      },
      "id": "node/5041008219"
    },
    {
      "type": "Feature",
      "properties": {
        "@id": "node/5041008220",
        "addr:city": "Gbarnga",
        "addr:street": "Lofa Road",
        "amenity": "toilets",
        "fee": "no",
        "toilets:disposal": "flush",
        "toilets:handwashing": "no"
      },
      "geometry": {
        "type": "Point",
        "coordinates": [
          -9.4800741,
          7.0219874
        ]
      },
      "id": "node/5041008220"
    },
    {
      "type": "Feature",
      "properties": {
        "@id": "node/5041008421",
        "addr:city": "Gbarnga",
        "addr:street": "Lofa Road",
        "amenity": "toilets",
        "fee": "no",
        "toilets:disposal": "flush",
        "toilets:handwashing": "no"
      },
      "geometry": {
        "type": "Point",
        "coordinates": [
          -9.4801775,
          7.0217224
        ]
      },
      "id": "node/5041008421"
    },
    {
      "type": "Feature",
      "properties": {
        "@id": "node/5041008422",
        "addr:city": "Gbarnga",
        "addr:street": "Lofa Road",
        "amenity": "toilets",
        "fee": "no",
        "toilets:access": "permissive",
        "toilets:disposal": "flush",
        "toilets:handwashing": "no"
      },
      "geometry": {
        "type": "Point",
        "coordinates": [
          -9.4820917,
          7.0216117
        ]
      },
      "id": "node/5041008422"
    },
    {
      "type": "Feature",
      "properties": {
        "@id": "node/5041008423",
        "addr:city": "Gbarnga",
        "addr:street": "Lofa Road",
        "amenity": "toilets",
        "fee": "no",
        "toilets:disposal": "flush",
        "toilets:handwashing": "no"
      },
      "geometry": {
        "type": "Point",
        "coordinates": [
          -9.4808962,
          7.0223011
        ]
      },
      "id": "node/5041008423"
    },
    {
      "type": "Feature",
      "properties": {
        "@id": "node/5041008424",
        "addr:city": "Gbarnga",
        "addr:street": "Lofa Road",
        "amenity": "toilets",
        "fee": "no",
        "toilets:access": "permissive",
        "toilets:disposal": "pitlatrine",
        "toilets:handwashing": "no"
      },
      "geometry": {
        "type": "Point",
        "coordinates": [
          -9.4822241,
          7.0220067
        ]
      },
      "id": "node/5041008424"
    },
    {
      "type": "Feature",
      "properties": {
        "@id": "node/5041008425",
        "addr:city": "Gbarnga",
        "addr:street": "Lofa Road",
        "amenity": "toilets",
        "fee": "no",
        "toilets:disposal": "flush",
        "toilets:handwashing": "no"
      },
      "geometry": {
        "type": "Point",
        "coordinates": [
          -9.4808857,
          7.0218228
        ]
      },
      "id": "node/5041008425"
    },
    {
      "type": "Feature",
      "properties": {
        "@id": "node/5041008426",
        "addr:city": "Gbarnga",
        "addr:street": "Lofa Road",
        "amenity": "toilets",
        "fee": "no",
        "toilets:access": "permissive",
        "toilets:disposal": "flush",
        "toilets:handwashing": "no"
      },
      "geometry": {
        "type": "Point",
        "coordinates": [
          -9.4811385,
          7.0230271
        ]
      },
      "id": "node/5041008426"
    },
    {
      "type": "Feature",
      "properties": {
        "@id": "node/5041008428",
        "addr:city": "Gbarnga",
        "addr:street": "Lofa Road",
        "amenity": "toilets",
        "fee": "no",
        "toilets:disposal": "flush",
        "toilets:handwashing": "no"
      },
      "geometry": {
        "type": "Point",
        "coordinates": [
          -9.4809527,
          7.0218985
        ]
      },
      "id": "node/5041008428"
    },
    {
      "type": "Feature",
      "properties": {
        "@id": "node/5041008429",
        "addr:city": "Gbarnga",
        "addr:street": "Lofa Road",
        "amenity": "toilets",
        "fee": "no",
        "toilets:disposal": "flush",
        "toilets:handwashing": "no"
      },
      "geometry": {
        "type": "Point",
        "coordinates": [
          -9.4816423,
          7.0225773
        ]
      },
      "id": "node/5041008429"
    },
    {
      "type": "Feature",
      "properties": {
        "@id": "node/5041008430",
        "addr:city": "Gbarnga",
        "addr:street": "Lofa Road",
        "amenity": "toilets",
        "fee": "no",
        "toilets:access": "permissive",
        "toilets:disposal": "flush",
        "toilets:handwashing": "no"
      },
      "geometry": {
        "type": "Point",
        "coordinates": [
          -9.4802901,
          7.0220145
        ]
      },
      "id": "node/5041008430"
    },
    {
      "type": "Feature",
      "properties": {
        "@id": "node/5041008431",
        "addr:city": "Gbarnga",
        "addr:street": "Lofa Road",
        "amenity": "toilets",
        "fee": "no",
        "toilets:disposal": "flush",
        "toilets:handwashing": "no"
      },
      "geometry": {
        "type": "Point",
        "coordinates": [
          -9.4810859,
          7.0230292
        ]
      },
      "id": "node/5041008431"
    },
    {
      "type": "Feature",
      "properties": {
        "@id": "node/5041008432",
        "addr:city": "Gbarnga",
        "addr:street": "Lofa Road",
        "amenity": "toilets",
        "fee": "no",
        "toilets:access": "permissive",
        "toilets:disposal": "flush",
        "toilets:handwashing": "no"
      },
      "geometry": {
        "type": "Point",
        "coordinates": [
          -9.4794794,
          7.021582
        ]
      },
      "id": "node/5041008432"
    },
    {
      "type": "Feature",
      "properties": {
        "@id": "node/5041008434",
        "addr:city": "Gbarnga",
        "addr:street": "Lofa Road",
        "amenity": "toilets",
        "fee": "no",
        "toilets:access": "permissive",
        "toilets:disposal": "flush",
        "toilets:handwashing": "no"
      },
      "geometry": {
        "type": "Point",
        "coordinates": [
          -9.4796038,
          7.0217878
        ]
      },
      "id": "node/5041008434"
    },
    {
      "type": "Feature",
      "properties": {
        "@id": "node/5041008435",
        "addr:city": "Gbarnga",
        "addr:street": "Lofa Road",
        "amenity": "toilets",
        "fee": "no",
        "toilets:disposal": "flush",
        "toilets:handwashing": "no"
      },
      "geometry": {
        "type": "Point",
        "coordinates": [
          -9.4802006,
          7.0227781
        ]
      },
      "id": "node/5041008435"
    },
    {
      "type": "Feature",
      "properties": {
        "@id": "node/5041008436",
        "addr:city": "Gbarnga",
        "addr:street": "Lofa Road",
        "amenity": "toilets",
        "fee": "no",
        "toilets:disposal": "flush",
        "toilets:handwashing": "no"
      },
      "geometry": {
        "type": "Point",
        "coordinates": [
          -9.4797706,
          7.0225271
        ]
      },
      "id": "node/5041008436"
    },
    {
      "type": "Feature",
      "properties": {
        "@id": "node/5041008437",
        "addr:city": "Gbarnga",
        "addr:street": "Lofa Road",
        "amenity": "toilets",
        "fee": "no",
        "toilets:access": "permissive",
        "toilets:disposal": "flush",
        "toilets:handwashing": "no"
      },
      "geometry": {
        "type": "Point",
        "coordinates": [
          -9.4780017,
          7.0221646
        ]
      },
      "id": "node/5041008437"
    },
    {
      "type": "Feature",
      "properties": {
        "@id": "node/5041008438",
        "addr:city": "Gbarnga",
        "addr:street": "Lofa Road",
        "amenity": "toilets",
        "fee": "no",
        "toilets:disposal": "flush",
        "toilets:handwashing": "no"
      },
      "geometry": {
        "type": "Point",
        "coordinates": [
          -9.4800135,
          7.0225264
        ]
      },
      "id": "node/5041008438"
    },
    {
      "type": "Feature",
      "properties": {
        "@id": "node/5041008441",
        "addr:city": "Gbarnga",
        "addr:street": "Lofa Road",
        "amenity": "toilets",
        "fee": "no",
        "toilets:disposal": "flush",
        "toilets:handwashing": "no"
      },
      "geometry": {
        "type": "Point",
        "coordinates": [
          -9.4784323,
          7.023157
        ]
      },
      "id": "node/5041008441"
    },
    {
      "type": "Feature",
      "properties": {
        "@id": "node/5041008447",
        "addr:city": "Gbarnga",
        "addr:street": "Lofa Road",
        "amenity": "toilets",
        "fee": "no",
        "toilets:disposal": "flush",
        "toilets:handwashing": "no"
      },
      "geometry": {
        "type": "Point",
        "coordinates": [
          -9.4741537,
          7.0254431
        ]
      },
      "id": "node/5041008447"
    },
    {
      "type": "Feature",
      "properties": {
        "@id": "node/5041008448",
        "addr:city": "Gbarnga",
        "addr:street": "Lofa Road",
        "amenity": "toilets",
        "fee": "no",
        "toilets:access": "permissive",
        "toilets:disposal": "flush",
        "toilets:handwashing": "no"
      },
      "geometry": {
        "type": "Point",
        "coordinates": [
          -9.4738282,
          7.0251495
        ]
      },
      "id": "node/5041008448"
    },
    {
      "type": "Feature",
      "properties": {
        "@id": "node/5041008449",
        "addr:city": "Gbarnga",
        "addr:street": "Lofa Road",
        "amenity": "toilets",
        "fee": "no",
        "toilets:access": "permissive",
        "toilets:disposal": "flush",
        "toilets:handwashing": "no"
      },
      "geometry": {
        "type": "Point",
        "coordinates": [
          -9.4736211,
          7.0253991
        ]
      },
      "id": "node/5041008449"
    },
    {
      "type": "Feature",
      "properties": {
        "@id": "node/5041008450",
        "addr:city": "Gbarnga",
        "addr:street": "Lofa Road",
        "amenity": "toilets",
        "fee": "no",
        "toilets:access": "permissive",
        "toilets:disposal": "pitlatrine",
        "toilets:handwashing": "no"
      },
      "geometry": {
        "type": "Point",
        "coordinates": [
          -9.4742274,
          7.0248275
        ]
      },
      "id": "node/5041008450"
    },
    {
      "type": "Feature",
      "properties": {
        "@id": "node/5041008452",
        "addr:city": "Gbarnga",
        "addr:street": "Lofa Road",
        "amenity": "toilets",
        "fee": "no",
        "toilets:access": "permissive",
        "toilets:disposal": "flush",
        "toilets:handwashing": "no"
      },
      "geometry": {
        "type": "Point",
        "coordinates": [
          -9.4730115,
          7.0252936
        ]
      },
      "id": "node/5041008452"
    },
    {
      "type": "Feature",
      "properties": {
        "@id": "node/5041008454",
        "addr:city": "Gbarnga",
        "addr:street": "Lofa Road",
        "amenity": "toilets",
        "toilets:access": "permissive",
        "toilets:disposal": "pitlatrine",
        "toilets:handwashing": "no"
      },
      "geometry": {
        "type": "Point",
        "coordinates": [
          -9.4736063,
          7.0244884
        ]
      },
      "id": "node/5041008454"
    },
    {
      "type": "Feature",
      "properties": {
        "@id": "node/5041008455",
        "addr:city": "Gbarnga",
        "addr:street": "Lofa Road",
        "amenity": "toilets",
        "fee": "no",
        "toilets:disposal": "flush",
        "toilets:handwashing": "no"
      },
      "geometry": {
        "type": "Point",
        "coordinates": [
          -9.4735655,
          7.0249061
        ]
      },
      "id": "node/5041008455"
    },
    {
      "type": "Feature",
      "properties": {
        "@id": "node/5041008457",
        "addr:city": "Gbarnga",
        "addr:street": "Lofa Road",
        "amenity": "toilets",
        "fee": "no",
        "toilets:access": "permissive",
        "toilets:disposal": "flush",
        "toilets:handwashing": "no"
      },
      "geometry": {
        "type": "Point",
        "coordinates": [
          -9.4730271,
          7.0242112
        ]
      },
      "id": "node/5041008457"
    },
    {
      "type": "Feature",
      "properties": {
        "@id": "node/5041008458",
        "addr:city": "Gbarnga",
        "addr:street": "Lofa Road",
        "amenity": "toilets",
        "fee": "no",
        "toilets:access": "permissive",
        "toilets:disposal": "flush",
        "toilets:handwashing": "no"
      },
      "geometry": {
        "type": "Point",
        "coordinates": [
          -9.4724054,
          7.0243675
        ]
      },
      "id": "node/5041008458"
    },
    {
      "type": "Feature",
      "properties": {
        "@id": "node/5041008459",
        "addr:city": "Gbarnga",
        "addr:street": "Lofa Road",
        "amenity": "toilets",
        "fee": "no",
        "toilets:disposal": "flush",
        "toilets:handwashing": "no"
      },
      "geometry": {
        "type": "Point",
        "coordinates": [
          -9.4730116,
          7.0244875
        ]
      },
      "id": "node/5041008459"
    },
    {
      "type": "Feature",
      "properties": {
        "@id": "node/5041008463",
        "amenity": "toilets",
        "building": "yes",
        "fee": "no",
        "toilets:disposal": "flush",
        "toilets:handwashing": "no"
      },
      "geometry": {
        "type": "Point",
        "coordinates": [
          -9.4732518,
          7.0181058
        ]
      },
      "id": "node/5041008463"
    },
    {
      "type": "Feature",
      "properties": {
        "@id": "node/5041008465",
        "addr:city": "Gbarnga",
        "addr:street": "Lofa Road",
        "amenity": "toilets",
        "fee": "no",
        "toilets:access": "permissive",
        "toilets:disposal": "flush",
        "toilets:handwashing": "no"
      },
      "geometry": {
        "type": "Point",
        "coordinates": [
          -9.4713983,
          7.0140656
        ]
      },
      "id": "node/5041008465"
    },
    {
      "type": "Feature",
      "properties": {
        "@id": "node/5041008467",
        "addr:city": "Gbarnga",
        "addr:street": "Lofa Road",
        "amenity": "toilets",
        "fee": "no",
        "toilets:disposal": "flush",
        "toilets:handwashing": "no"
      },
      "geometry": {
        "type": "Point",
        "coordinates": [
          -9.4710011,
          7.0139119
        ]
      },
      "id": "node/5041008467"
    },
    {
      "type": "Feature",
      "properties": {
        "@id": "node/5041008470",
        "addr:city": "Gbarnga",
        "addr:street": "Lofa Road",
        "amenity": "toilets",
        "fee": "no",
        "toilets:access": "permissive",
        "toilets:disposal": "flush",
        "toilets:handwashing": "no"
      },
      "geometry": {
        "type": "Point",
        "coordinates": [
          -9.4733825,
          7.0180631
        ]
      },
      "id": "node/5041008470"
    },
    {
      "type": "Feature",
      "properties": {
        "@id": "node/5041008471",
        "addr:city": "Gbarnga",
        "addr:street": "Lofa Road",
        "amenity": "toilets",
        "fee": "no",
        "toilets:access": "permissive",
        "toilets:disposal": "flush",
        "toilets:handwashing": "no"
      },
      "geometry": {
        "type": "Point",
        "coordinates": [
          -9.4723337,
          7.0143166
        ]
      },
      "id": "node/5041008471"
    },
    {
      "type": "Feature",
      "properties": {
        "@id": "node/5041008473",
        "addr:city": "Gbarnga",
        "addr:street": "Lofa Road",
        "amenity": "toilets",
        "fee": "no",
        "toilets:disposal": "flush",
        "toilets:handwashing": "no"
      },
      "geometry": {
        "type": "Point",
        "coordinates": [
          -9.4718897,
          7.0138956
        ]
      },
      "id": "node/5041008473"
    },
    {
      "type": "Feature",
      "properties": {
        "@id": "node/5041008474",
        "addr:city": "Gbarnga",
        "addr:street": "Lofa Road",
        "amenity": "toilets",
        "fee": "no",
        "toilets:access": "permissive",
        "toilets:disposal": "pitlatrine",
        "toilets:handwashing": "no"
      },
      "geometry": {
        "type": "Point",
        "coordinates": [
          -9.4737714,
          7.0139901
        ]
      },
      "id": "node/5041008474"
    },
    {
      "type": "Feature",
      "properties": {
        "@id": "node/5041008477",
        "addr:city": "Gbarnga",
        "addr:street": "Lofa Road",
        "amenity": "toilets",
        "fee": "no",
        "toilets:access": "permissive",
        "toilets:disposal": "pitlatrine",
        "toilets:handwashing": "no"
      },
      "geometry": {
        "type": "Point",
        "coordinates": [
          -9.4739349,
          7.0139651
        ]
      },
      "id": "node/5041008477"
    },
    {
      "type": "Feature",
      "properties": {
        "@id": "node/5041008479",
        "addr:city": "Gbarnga",
        "addr:street": "Lofa Road",
        "amenity": "toilets",
        "fee": "no",
        "toilets:access": "permissive",
        "toilets:disposal": "pitlatrine",
        "toilets:handwashing": "no"
      },
      "geometry": {
        "type": "Point",
        "coordinates": [
          -9.474044,
          7.0142202
        ]
      },
      "id": "node/5041008479"
    },
    {
      "type": "Feature",
      "properties": {
        "@id": "node/5041008483",
        "addr:city": "Gbarnga",
        "addr:street": "Lofa Road",
        "amenity": "toilets",
        "fee": "no",
        "toilets:disposal": "flush",
        "toilets:handwashing": "no"
      },
      "geometry": {
        "type": "Point",
        "coordinates": [
          -9.4736666,
          7.0142188
        ]
      },
      "id": "node/5041008483"
    },
    {
      "type": "Feature",
      "properties": {
        "@id": "node/5041008485",
        "addr:city": "Gbarnga",
        "addr:street": "Lofa Road",
        "amenity": "toilets",
        "fee": "no",
        "toilets:disposal": "flush",
        "toilets:handwashing": "no"
      },
      "geometry": {
        "type": "Point",
        "coordinates": [
          -9.4740303,
          7.0145458
        ]
      },
      "id": "node/5041008485"
    },
    {
      "type": "Feature",
      "properties": {
        "@id": "node/5041008488",
        "addr:city": "Gbarnga",
        "addr:street": "Lofa Road",
        "amenity": "toilets",
        "fee": "no",
        "toilets:disposal": "flush",
        "toilets:handwashing": "no"
      },
      "geometry": {
        "type": "Point",
        "coordinates": [
          -9.4742426,
          7.0150845
        ]
      },
      "id": "node/5041008488"
    },
    {
      "type": "Feature",
      "properties": {
        "@id": "node/5041008489",
        "addr:city": "Gbarnga",
        "addr:street": "Lofa Road",
        "amenity": "toilets",
        "fee": "no",
        "toilets:access": "permissive",
        "toilets:disposal": "flush",
        "toilets:handwashing": "no"
      },
      "geometry": {
        "type": "Point",
        "coordinates": [
          -9.4744125,
          7.0158056
        ]
      },
      "id": "node/5041008489"
    },
    {
      "type": "Feature",
      "properties": {
        "@id": "node/5041008490",
        "addr:city": "Gbarnga",
        "addr:street": "Lofa Road",
        "amenity": "toilets",
        "fee": "no",
        "toilets:disposal": "flush",
        "toilets:handwashing": "no"
      },
      "geometry": {
        "type": "Point",
        "coordinates": [
          -9.4743249,
          7.0151825
        ]
      },
      "id": "node/5041008490"
    },
    {
      "type": "Feature",
      "properties": {
        "@id": "node/5041008491",
        "addr:city": "Gbarnga",
        "addr:street": "Lofa Road",
        "amenity": "toilets",
        "fee": "no",
        "toilets:access": "permissive",
        "toilets:disposal": "flush",
        "toilets:handwashing": "no"
      },
      "geometry": {
        "type": "Point",
        "coordinates": [
          -9.4750325,
          7.0152805
        ]
      },
      "id": "node/5041008491"
    },
    {
      "type": "Feature",
      "properties": {
        "@id": "node/5041008493",
        "addr:city": "Gbarnga",
        "addr:street": "Lofa Road",
        "amenity": "toilets",
        "building": "yes",
        "fee": "no",
        "toilets:access": "permissive",
        "toilets:disposal": "flush",
        "toilets:handwashing": "no"
      },
      "geometry": {
        "type": "Point",
        "coordinates": [
          -9.4794564,
          7.021589
        ]
      },
      "id": "node/5041008493"
    },
    {
      "type": "Feature",
      "properties": {
        "@id": "node/5041008496",
        "addr:city": "Gbarnga",
        "addr:street": "Lofa Road",
        "amenity": "toilets",
        "building": "yes",
        "fee": "no",
        "toilets:access": "permissive",
        "toilets:disposal": "flush",
        "toilets:handwashing": "no"
      },
      "geometry": {
        "type": "Point",
        "coordinates": [
          -9.4794846,
          7.0218885
        ]
      },
      "id": "node/5041008496"
    },
    {
      "type": "Feature",
      "properties": {
        "@id": "node/5041008498",
        "addr:city": "Gbarnga",
        "addr:street": "Lofa road Community",
        "amenity": "toilets",
        "fee": "no",
        "toilets:access": "permissive",
        "toilets:disposal": "pitlatrine",
        "toilets:handwashing": "no"
      },
      "geometry": {
        "type": "Point",
        "coordinates": [
          -9.4789307,
          7.0206945
        ]
      },
      "id": "node/5041008498"
    },
    {
      "type": "Feature",
      "properties": {
        "@id": "node/5041008499",
        "addr:city": "Gbarnga",
        "addr:street": "Lofa road Community",
        "amenity": "toilets",
        "fee": "no",
        "toilets:access": "permissive",
        "toilets:disposal": "pitlatrine",
        "toilets:handwashing": "no"
      },
      "geometry": {
        "type": "Point",
        "coordinates": [
          -9.4788878,
          7.0206945
        ]
      },
      "id": "node/5041008499"
    },
    {
      "type": "Feature",
      "properties": {
        "@id": "node/5041008504",
        "addr:city": "Gbarnga",
        "addr:street": "Lofa road Community",
        "amenity": "toilets",
        "fee": "no",
        "toilets:access": "permissive",
        "toilets:disposal": "pitlatrine",
        "toilets:handwashing": "no"
      },
      "geometry": {
        "type": "Point",
        "coordinates": [
          -9.475248,
          7.0239556
        ]
      },
      "id": "node/5041008504"
    },
    {
      "type": "Feature",
      "properties": {
        "@id": "node/5041008506",
        "addr:city": "Gbarnga",
        "addr:street": "Lofa road Community",
        "amenity": "toilets",
        "fee": "no",
        "toilets:access": "permissive",
        "toilets:disposal": "flush",
        "toilets:handwashing": "no"
      },
      "geometry": {
        "type": "Point",
        "coordinates": [
          -9.4749672,
          7.0242385
        ]
      },
      "id": "node/5041008506"
    },
    {
      "type": "Feature",
      "properties": {
        "@id": "node/5041008509",
        "addr:city": "Gbarnga",
        "addr:street": "Lofa RoadL",
        "amenity": "toilets",
        "building": "yes",
        "fee": "no",
        "toilets:access": "permissive",
        "toilets:disposal": "flush",
        "toilets:handwashing": "no"
      },
      "geometry": {
        "type": "Point",
        "coordinates": [
          -9.4763598,
          7.0230333
        ]
      },
      "id": "node/5041008509"
    },
    {
      "type": "Feature",
      "properties": {
        "@id": "node/5041008519",
        "addr:city": "Gbarnga",
        "addr:street": "Lofa road Community",
        "amenity": "toilets",
        "fee": "no",
        "toilets:access": "permissive",
        "toilets:disposal": "flush",
        "toilets:handwashing": "no"
      },
      "geometry": {
        "type": "Point",
        "coordinates": [
          -9.470408,
          7.0185556
        ]
      },
      "id": "node/5041008519"
    },
    {
      "type": "Feature",
      "properties": {
        "@id": "node/5041009224",
        "addr:city": "Gbarnga",
        "addr:street": "Lofa Road",
        "amenity": "toilets",
        "fee": "no",
        "toilets:access": "permissive",
        "toilets:disposal": "flush",
        "toilets:handwashing": "no",
        "waste": "toilet"
      },
      "geometry": {
        "type": "Point",
        "coordinates": [
          -9.4700824,
          7.016826
        ]
      },
      "id": "node/5041009224"
    },
    {
      "type": "Feature",
      "properties": {
        "@id": "node/5041009228",
        "addr:city": "Gbarnga",
        "addr:street": "Lofa Road",
        "amenity": "toilets",
        "fee": "no",
        "toilets:access": "permissive",
        "toilets:disposal": "pitlatrine",
        "toilets:handwashing": "no",
        "waste": "toilet"
      },
      "geometry": {
        "type": "Point",
        "coordinates": [
          -9.4737699,
          7.017423
        ]
      },
      "id": "node/5041009228"
    },
    {
      "type": "Feature",
      "properties": {
        "@id": "node/5041009229",
        "addr:city": "Gbarnga",
        "addr:street": "Lofa road",
        "amenity": "toilets",
        "fee": "no",
        "toilets:access": "permissive",
        "toilets:disposal": "flush",
        "toilets:handwashing": "no"
      },
      "geometry": {
        "type": "Point",
        "coordinates": [
          -9.4736767,
          7.0170658
        ]
      },
      "id": "node/5041009229"
    },
    {
      "type": "Feature",
      "properties": {
        "@id": "node/5041009230",
        "addr:city": "Gbarnga",
        "addr:street": "Lofa road",
        "amenity": "toilets",
        "fee": "no",
        "toilets:access": "permissive",
        "toilets:disposal": "pitlatrine",
        "toilets:handwashing": "no"
      },
      "geometry": {
        "type": "Point",
        "coordinates": [
          -9.4741516,
          7.0167123
        ]
      },
      "id": "node/5041009230"
    },
    {
      "type": "Feature",
      "properties": {
        "@id": "node/5041009234",
        "addr:city": "Gbarnga",
        "addr:street": "Lofa Road",
        "amenity": "toilets",
        "fee": "no",
        "toilets:access": "permissive",
        "toilets:disposal": "flush",
        "toilets:handwashing": "no",
        "waste": "toilet"
      },
      "geometry": {
        "type": "Point",
        "coordinates": [
          -9.4742047,
          7.0160709
        ]
      },
      "id": "node/5041009234"
    },
    {
      "type": "Feature",
      "properties": {
        "@id": "node/5041009238",
        "addr:city": "Gbarnga",
        "addr:street": "Lofa Road",
        "amenity": "toilets",
        "fee": "no",
        "toilets:access": "permissive",
        "toilets:disposal": "pitlatrine",
        "toilets:handwashing": "no",
        "waste": "toilet"
      },
      "geometry": {
        "type": "Point",
        "coordinates": [
          -9.474831,
          7.0156063
        ]
      },
      "id": "node/5041009238"
    },
    {
      "type": "Feature",
      "properties": {
        "@id": "node/5069072006",
        "addr:city": "Gbarnga",
        "amenity": "toilets",
        "fee": "no",
        "toilets:access": "customers",
        "toilets:disposal": "flush",
        "toilets:handwashing": "no"
      },
      "geometry": {
        "type": "Point",
        "coordinates": [
          -9.4765379,
          7.0098898
        ]
      },
      "id": "node/5069072006"
    },
    {
      "type": "Feature",
      "properties": {
        "@id": "node/5069072007",
        "addr:city": "Gbarnga",
        "amenity": "toilets",
        "fee": "no",
        "toilets:access": "permissive",
        "toilets:disposal": "pitlatrine",
        "toilets:handwashing": "no"
      },
      "geometry": {
        "type": "Point",
        "coordinates": [
          -9.4762062,
          7.0107011
        ]
      },
      "id": "node/5069072007"
    },
    {
      "type": "Feature",
      "properties": {
        "@id": "node/5069072008",
        "addr:city": "Gbarnga",
        "amenity": "toilets",
        "fee": "no",
        "toilets:access": "permissive",
        "toilets:disposal": "pitlatrine",
        "toilets:handwashing": "no"
      },
      "geometry": {
        "type": "Point",
        "coordinates": [
          -9.4764379,
          7.0104563
        ]
      },
      "id": "node/5069072008"
    },
    {
      "type": "Feature",
      "properties": {
        "@id": "node/5069072010",
        "addr:city": "Gbarnga",
        "amenity": "toilets",
        "fee": "no",
        "toilets:access": "permissive",
        "toilets:disposal": "pitlatrine",
        "toilets:handwashing": "no"
      },
      "geometry": {
        "type": "Point",
        "coordinates": [
          -9.4759762,
          7.0101978
        ]
      },
      "id": "node/5069072010"
    },
    {
      "type": "Feature",
      "properties": {
        "@id": "node/5069072011",
        "addr:city": "Gbarnga",
        "amenity": "toilets",
        "fee": "no",
        "toilets:access": "permissive",
        "toilets:disposal": "pitlatrine",
        "toilets:handwashing": "no"
      },
      "geometry": {
        "type": "Point",
        "coordinates": [
          -9.4759333,
          7.0101978
        ]
      },
      "id": "node/5069072011"
    },
    {
      "type": "Feature",
      "properties": {
        "@id": "node/5069072012",
        "addr:city": "Gbarnga",
        "amenity": "toilets",
        "fee": "no",
        "toilets:access": "permissive",
        "toilets:disposal": "pitlatrine",
        "toilets:handwashing": "no"
      },
      "geometry": {
        "type": "Point",
        "coordinates": [
          -9.4760835,
          7.0096866
        ]
      },
      "id": "node/5069072012"
    },
    {
      "type": "Feature",
      "properties": {
        "@id": "node/5069072013",
        "addr:city": "Gbarnga",
        "amenity": "toilets",
        "fee": "no",
        "toilets:access": "permissive",
        "toilets:disposal": "pitlatrine",
        "toilets:handwashing": "no"
      },
      "geometry": {
        "type": "Point",
        "coordinates": [
          -9.4763196,
          7.0093246
        ]
      },
      "id": "node/5069072013"
    },
    {
      "type": "Feature",
      "properties": {
        "@id": "node/5069072014",
        "addr:city": "Gbarnga",
        "amenity": "toilets",
        "fee": "no",
        "toilets:access": "permissive",
        "toilets:disposal": "pitlatrine",
        "toilets:handwashing": "no"
      },
      "geometry": {
        "type": "Point",
        "coordinates": [
          -9.476856,
          7.0094098
        ]
      },
      "id": "node/5069072014"
    },
    {
      "type": "Feature",
      "properties": {
        "@id": "node/5069072016",
        "addr:city": "Gbarnga",
        "amenity": "toilets",
        "fee": "no",
        "toilets:access": "permissive",
        "toilets:disposal": "pitlatrine",
        "toilets:handwashing": "no"
      },
      "geometry": {
        "type": "Point",
        "coordinates": [
          -9.4769418,
          7.0087176
        ]
      },
      "id": "node/5069072016"
    },
    {
      "type": "Feature",
      "properties": {
        "@id": "node/5069072017",
        "addr:city": "Gbarnga",
        "amenity": "toilets",
        "fee": "no",
        "toilets:access": "permissive",
        "toilets:disposal": "pitlatrine",
        "toilets:handwashing": "no"
      },
      "geometry": {
        "type": "Point",
        "coordinates": [
          -9.477886,
          7.0078218
        ]
      },
      "id": "node/5069072017"
    },
    {
      "type": "Feature",
      "properties": {
        "@id": "node/5069072018",
        "addr:city": "Gbarnga",
        "amenity": "toilets",
        "fee": "no",
        "toilets:access": "permissive",
        "toilets:disposal": "flush",
        "toilets:handwashing": "no"
      },
      "geometry": {
        "type": "Point",
        "coordinates": [
          -9.4783151,
          7.008494
        ]
      },
      "id": "node/5069072018"
    },
    {
      "type": "Feature",
      "properties": {
        "@id": "node/5069072019",
        "addr:city": "Gbarnga",
        "amenity": "toilets",
        "fee": "no",
        "toilets:access": "permissive",
        "toilets:disposal": "pitlatrine",
        "toilets:handwashing": "no"
      },
      "geometry": {
        "type": "Point",
        "coordinates": [
          -9.477843,
          7.0081093
        ]
      },
      "id": "node/5069072019"
    },
    {
      "type": "Feature",
      "properties": {
        "@id": "node/5069072621",
        "addr:city": "Gbarnga",
        "amenity": "toilets",
        "fee": "no",
        "toilets:access": "permissive",
        "toilets:disposal": "pitlatrine",
        "toilets:handwashing": "no"
      },
      "geometry": {
        "type": "Point",
        "coordinates": [
          -9.4782937,
          7.0091822
        ]
      },
      "id": "node/5069072621"
    },
    {
      "type": "Feature",
      "properties": {
        "@id": "node/5069072622",
        "addr:city": "Gbarnga",
        "amenity": "toilets",
        "fee": "no",
        "toilets:access": "permissive",
        "toilets:disposal": "pitlatrine",
        "toilets:handwashing": "no"
      },
      "geometry": {
        "type": "Point",
        "coordinates": [
          -9.4779289,
          7.0091223
        ]
      },
      "id": "node/5069072622"
    },
    {
      "type": "Feature",
      "properties": {
        "@id": "node/5069072624",
        "addr:city": "Gbarnga",
        "amenity": "toilets",
        "fee": "no",
        "toilets:access": "permissive",
        "toilets:disposal": "pitlatrine",
        "toilets:handwashing": "no"
      },
      "geometry": {
        "type": "Point",
        "coordinates": [
          -9.4789267,
          7.0086418
        ]
      },
      "id": "node/5069072624"
    },
    {
      "type": "Feature",
      "properties": {
        "@id": "node/5069072632",
        "addr:city": "Gbarnga",
        "amenity": "toilets",
        "fee": "no",
        "toilets:access": "permissive",
        "toilets:disposal": "pitlatrine",
        "toilets:handwashing": "no"
      },
      "geometry": {
        "type": "Point",
        "coordinates": [
          -9.4779074,
          7.0078218
        ]
      },
      "id": "node/5069072632"
    },
    {
      "type": "Feature",
      "properties": {
        "@id": "node/5069072633",
        "addr:city": "Gbarnga",
        "amenity": "toilets",
        "fee": "no",
        "toilets:access": "permissive",
        "toilets:disposal": "pitlatrine",
        "toilets:handwashing": "no"
      },
      "geometry": {
        "type": "Point",
        "coordinates": [
          -9.4789951,
          7.0077559
        ]
      },
      "id": "node/5069072633"
    },
    {
      "type": "Feature",
      "properties": {
        "@id": "node/5069072690",
        "addr:city": "Gbarnga",
        "addr:street": "Lofa Road",
        "amenity": "toilets",
        "fee": "no",
        "toilets:access": "permissive",
        "toilets:disposal": "flush",
        "toilets:handwashing": "no"
      },
      "geometry": {
        "type": "Point",
        "coordinates": [
          -9.4773447,
          7.0117839
        ]
      },
      "id": "node/5069072690"
    },
    {
      "type": "Feature",
      "properties": {
        "@id": "node/5069072691",
        "addr:city": "Gbarnga",
        "amenity": "toilets",
        "fee": "no",
        "toilets:access": "permissive",
        "toilets:disposal": "pitlatrine",
        "toilets:handwashing": "no"
      },
      "geometry": {
        "type": "Point",
        "coordinates": [
          -9.4769366,
          7.0119517
        ]
      },
      "id": "node/5069072691"
    },
    {
      "type": "Feature",
      "properties": {
        "@id": "node/5069072692",
        "addr:city": "Gbarnga",
        "addr:street": "Lofa Road",
        "amenity": "toilets",
        "fee": "no",
        "toilets:access": "permissive",
        "toilets:disposal": "flush",
        "toilets:handwashing": "no"
      },
      "geometry": {
        "type": "Point",
        "coordinates": [
          -9.4765841,
          7.0110622
        ]
      },
      "id": "node/5069072692"
    },
    {
      "type": "Feature",
      "properties": {
        "@id": "node/5069072693",
        "addr:city": "Gbarnga",
        "addr:street": "Lofa Road",
        "amenity": "toilets",
        "fee": "no",
        "toilets:access": "permissive",
        "toilets:disposal": "flush",
        "toilets:handwashing": "no"
      },
      "geometry": {
        "type": "Point",
        "coordinates": [
          -9.4765265,
          7.0111845
        ]
      },
      "id": "node/5069072693"
    },
    {
      "type": "Feature",
      "properties": {
        "@id": "node/5069072694",
        "addr:city": "Gbarnga",
        "amenity": "toilets",
        "fee": "no",
        "toilets:access": "permissive",
        "toilets:disposal": "pitlatrine",
        "toilets:handwashing": "no"
      },
      "geometry": {
        "type": "Point",
        "coordinates": [
          -9.4768436,
          7.0108653
        ]
      },
      "id": "node/5069072694"
    },
    {
      "type": "Feature",
      "properties": {
        "@id": "node/5069072695",
        "addr:city": "Gbarnga",
        "amenity": "toilets",
        "fee": "no",
        "toilets:access": "permissive",
        "toilets:disposal": "pitlatrine",
        "toilets:handwashing": "no"
      },
      "geometry": {
        "type": "Point",
        "coordinates": [
          -9.4767536,
          7.0107147
        ]
      },
      "id": "node/5069072695"
    },
    {
      "type": "Feature",
      "properties": {
        "@id": "node/5069072696",
        "addr:city": "Gbarnga",
        "amenity": "toilets",
        "fee": "no",
        "toilets:access": "permissive",
        "toilets:disposal": "flush",
        "toilets:handwashing": "no"
      },
      "geometry": {
        "type": "Point",
        "coordinates": [
          -9.474979,
          7.0107351
        ]
      },
      "id": "node/5069072696"
    },
    {
      "type": "Feature",
      "properties": {
        "@id": "node/5069072697",
        "addr:city": "Gbarnga",
        "addr:street": "Lofa Road",
        "amenity": "toilets",
        "fee": "no",
        "toilets:access": "permissive",
        "toilets:disposal": "flush",
        "toilets:handwashing": "no"
      },
      "geometry": {
        "type": "Point",
        "coordinates": [
          -9.4750459,
          7.0113866
        ]
      },
      "id": "node/5069072697"
    },
    {
      "type": "Feature",
      "properties": {
        "@id": "node/5069072698",
        "addr:city": "Gbarnga",
        "amenity": "toilets",
        "fee": "no",
        "toilets:access": "permissive",
        "toilets:disposal": "pitlatrine",
        "toilets:handwashing": "no"
      },
      "geometry": {
        "type": "Point",
        "coordinates": [
          -9.4752103,
          7.0108675
        ]
      },
      "id": "node/5069072698"
    },
    {
      "type": "Feature",
      "properties": {
        "@id": "node/5069072700",
        "addr:city": "Gbarnga",
        "addr:street": "Lofa Road",
        "amenity": "toilets",
        "fee": "no",
        "toilets:access": "permissive",
        "toilets:disposal": "flush",
        "toilets:handwashing": "no"
      },
      "geometry": {
        "type": "Point",
        "coordinates": [
          -9.4755999,
          7.0108481
        ]
      },
      "id": "node/5069072700"
    },
    {
      "type": "Feature",
      "properties": {
        "@id": "node/5069072701",
        "addr:city": "Gbarnga",
        "amenity": "toilets",
        "fee": "no",
        "toilets:access": "permissive",
        "toilets:disposal": "pitlatrine",
        "toilets:handwashing": "no"
      },
      "geometry": {
        "type": "Point",
        "coordinates": [
          -9.4756605,
          7.0106765
        ]
      },
      "id": "node/5069072701"
    },
    {
      "type": "Feature",
      "properties": {
        "@id": "node/5069072705",
        "addr:city": "Gbarnga",
        "amenity": "toilets",
        "fee": "no",
        "toilets:access": "permissive",
        "toilets:disposal": "pitlatrine",
        "toilets:handwashing": "no"
      },
      "geometry": {
        "type": "Point",
        "coordinates": [
          -9.4756624,
          7.0100352
        ]
      },
      "id": "node/5069072705"
    },
    {
      "type": "Feature",
      "properties": {
        "@id": "node/5069072706",
        "addr:city": "Gbarnga",
        "amenity": "toilets",
        "fee": "no",
        "toilets:access": "permissive",
        "toilets:disposal": "pitlatrine",
        "toilets:handwashing": "no"
      },
      "geometry": {
        "type": "Point",
        "coordinates": [
          -9.4755664,
          7.0099127
        ]
      },
      "id": "node/5069072706"
    },
    {
      "type": "Feature",
      "properties": {
        "@id": "node/5069072707",
        "addr:city": "Gbarnga",
        "addr:street": "Lofa Road",
        "amenity": "toilets",
        "fee": "no",
        "toilets:access": "permissive",
        "toilets:disposal": "flush",
        "toilets:handwashing": "no"
      },
      "geometry": {
        "type": "Point",
        "coordinates": [
          -9.4763487,
          7.009539
        ]
      },
      "id": "node/5069072707"
    },
    {
      "type": "Feature",
      "properties": {
        "@id": "node/5069072709",
        "addr:city": "Gbarnga",
        "amenity": "toilets",
        "fee": "no",
        "toilets:access": "permissive",
        "toilets:disposal": "flush",
        "toilets:handwashing": "no"
      },
      "geometry": {
        "type": "Point",
        "coordinates": [
          -9.4750316,
          7.0094636
        ]
      },
      "id": "node/5069072709"
    },
    {
      "type": "Feature",
      "properties": {
        "@id": "node/5069072710",
        "addr:city": "Gbarnga",
        "amenity": "toilets",
        "fee": "no",
        "toilets:access": "permissive",
        "toilets:disposal": "pitlatrine",
        "toilets:handwashing": "no"
      },
      "geometry": {
        "type": "Point",
        "coordinates": [
          -9.4757024,
          7.0099592
        ]
      },
      "id": "node/5069072710"
    },
    {
      "type": "Feature",
      "properties": {
        "@id": "node/5069072711",
        "addr:city": "Gbarnga",
        "amenity": "toilets",
        "fee": "no",
        "toilets:access": "permissive",
        "toilets:disposal": "pitlatrine",
        "toilets:handwashing": "no"
      },
      "geometry": {
        "type": "Point",
        "coordinates": [
          -9.4761776,
          7.0096921
        ]
      },
      "id": "node/5069072711"
    },
    {
      "type": "Feature",
      "properties": {
        "@id": "node/5069072712",
        "addr:city": "Gbarnga",
        "amenity": "toilets",
        "fee": "no",
        "toilets:access": "permissive",
        "toilets:disposal": "pitlatrine",
        "toilets:handwashing": "no"
      },
      "geometry": {
        "type": "Point",
        "coordinates": [
          -9.4754978,
          7.0095045
        ]
      },
      "id": "node/5069072712"
    },
    {
      "type": "Feature",
      "properties": {
        "@id": "node/5069072714",
        "addr:city": "Gbarnga",
        "addr:street": "Lofa Road",
        "amenity": "toilets",
        "fee": "no",
        "toilets:access": "permissive",
        "toilets:disposal": "flush",
        "toilets:handwashing": "no"
      },
      "geometry": {
        "type": "Point",
        "coordinates": [
          -9.476888,
          7.0093208
        ]
      },
      "id": "node/5069072714"
    },
    {
      "type": "Feature",
      "properties": {
        "@id": "node/5069072715",
        "addr:city": "Gbarnga",
        "amenity": "toilets",
        "fee": "no",
        "toilets:access": "permissive",
        "toilets:disposal": "pitlatrine",
        "toilets:handwashing": "no"
      },
      "geometry": {
        "type": "Point",
        "coordinates": [
          -9.475992,
          7.0088585
        ]
      },
      "id": "node/5069072715"
    },
    {
      "type": "Feature",
      "properties": {
        "@id": "node/5069072716",
        "addr:city": "Gbarnga",
        "addr:street": "Lofa Road",
        "amenity": "toilets",
        "fee": "no",
        "toilets:access": "permissive",
        "toilets:disposal": "flush",
        "toilets:handwashing": "no"
      },
      "geometry": {
        "type": "Point",
        "coordinates": [
          -9.4768354,
          7.0088856
        ]
      },
      "id": "node/5069072716"
    },
    {
      "type": "Feature",
      "properties": {
        "@id": "node/5069072718",
        "addr:city": "Gbarnga",
        "amenity": "toilets",
        "fee": "no",
        "toilets:access": "permissive",
        "toilets:disposal": "pitlatrine",
        "toilets:handwashing": "no"
      },
      "geometry": {
        "type": "Point",
        "coordinates": [
          -9.4766689,
          7.0085141
        ]
      },
      "id": "node/5069072718"
    },
    {
      "type": "Feature",
      "properties": {
        "@id": "node/5069072719",
        "addr:city": "Gbarnga",
        "amenity": "toilets",
        "fee": "no",
        "toilets:access": "permissive",
        "toilets:disposal": "pitlatrine",
        "toilets:handwashing": "no"
      },
      "geometry": {
        "type": "Point",
        "coordinates": [
          -9.4765801,
          7.008301
        ]
      },
      "id": "node/5069072719"
    },
    {
      "type": "Feature",
      "properties": {
        "@id": "node/5069072720",
        "addr:city": "Gbarnga",
        "amenity": "toilets",
        "fee": "no",
        "toilets:access": "customers",
        "toilets:disposal": "pitlatrine",
        "toilets:handwashing": "no"
      },
      "geometry": {
        "type": "Point",
        "coordinates": [
          -9.4771457,
          7.0085472
        ]
      },
      "id": "node/5069072720"
    },
    {
      "type": "Feature",
      "properties": {
        "@id": "node/5069073321",
        "addr:city": "Gbarnga",
        "amenity": "toilets",
        "fee": "no",
        "toilets:access": "permissive",
        "toilets:disposal": "pitlatrine",
        "toilets:handwashing": "no"
      },
      "geometry": {
        "type": "Point",
        "coordinates": [
          -9.4772637,
          7.0087176
        ]
      },
      "id": "node/5069073321"
    },
    {
      "type": "Feature",
      "properties": {
        "@id": "node/5069073322",
        "addr:city": "Gbarnga",
        "addr:street": "Lofa Road",
        "amenity": "toilets",
        "fee": "no",
        "toilets:access": "permissive",
        "toilets:disposal": "flush",
        "toilets:handwashing": "no"
      },
      "geometry": {
        "type": "Point",
        "coordinates": [
          -9.4781089,
          7.0086738
        ]
      },
      "id": "node/5069073322"
    },
    {
      "type": "Feature",
      "properties": {
        "@id": "node/5069073323",
        "addr:city": "Gbarnga",
        "amenity": "toilets",
        "fee": "no",
        "toilets:access": "permissive",
        "toilets:disposal": "pitlatrine",
        "toilets:handwashing": "no"
      },
      "geometry": {
        "type": "Point",
        "coordinates": [
          -9.4776601,
          7.0089282
        ]
      },
      "id": "node/5069073323"
    },
    {
      "type": "Feature",
      "properties": {
        "@id": "node/5069073324",
        "addr:city": "Gbarnga",
        "amenity": "toilets",
        "fee": "no",
        "toilets:access": "permissive",
        "toilets:disposal": "pitlatrine",
        "toilets:handwashing": "no"
      },
      "geometry": {
        "type": "Point",
        "coordinates": [
          -9.4774661,
          7.009018
        ]
      },
      "id": "node/5069073324"
    },
    {
      "type": "Feature",
      "properties": {
        "@id": "node/5069073329",
        "addr:city": "Gbarnga",
        "addr:street": "Lofa Road",
        "amenity": "toilets",
        "fee": "no",
        "toilets:access": "permissive",
        "toilets:disposal": "pitlatrine",
        "toilets:handwashing": "no"
      },
      "geometry": {
        "type": "Point",
        "coordinates": [
          -9.4787216,
          7.0097458
        ]
      },
      "id": "node/5069073329"
    },
    {
      "type": "Feature",
      "properties": {
        "@id": "node/5069073330",
        "addr:city": "Gbarnga",
        "addr:street": "Lofa Road",
        "amenity": "toilets",
        "fee": "no",
        "toilets:access": "permissive",
        "toilets:disposal": "flush",
        "toilets:handwashing": "no"
      },
      "geometry": {
        "type": "Point",
        "coordinates": [
          -9.4786399,
          7.0085114
        ]
      },
      "id": "node/5069073330"
    },
    {
      "type": "Feature",
      "properties": {
        "@id": "node/5069073331",
        "addr:city": "Gbarnga",
        "amenity": "toilets",
        "fee": "no",
        "toilets:access": "permissive",
        "toilets:disposal": "flush",
        "toilets:handwashing": "no"
      },
      "geometry": {
        "type": "Point",
        "coordinates": [
          -9.4786811,
          7.0086681
        ]
      },
      "id": "node/5069073331"
    },
    {
      "type": "Feature",
      "properties": {
        "@id": "node/5069073332",
        "addr:city": "Gbarnga",
        "amenity": "toilets",
        "fee": "no",
        "toilets:access": "permissive",
        "toilets:disposal": "pitlatrine",
        "toilets:handwashing": "no"
      },
      "geometry": {
        "type": "Point",
        "coordinates": [
          -9.478593,
          7.0087929
        ]
      },
      "id": "node/5069073332"
    },
    {
      "type": "Feature",
      "properties": {
        "@id": "node/5069073334",
        "addr:city": "Gbarnga",
        "amenity": "toilets",
        "fee": "no",
        "toilets:access": "customers",
        "toilets:disposal": "pitlatrine",
        "toilets:handwashing": "no"
      },
      "geometry": {
        "type": "Point",
        "coordinates": [
          -9.4787311,
          7.0082404
        ]
      },
      "id": "node/5069073334"
    },
    {
      "type": "Feature",
      "properties": {
        "@id": "node/5069073345",
        "addr:city": "Gbarnga",
        "amenity": "toilets",
        "fee": "no",
        "toilets:access": "permissive",
        "toilets:disposal": "pitlatrine",
        "toilets:handwashing": "no"
      },
      "geometry": {
        "type": "Point",
        "coordinates": [
          -9.4792271,
          7.0072149
        ]
      },
      "id": "node/5069073345"
    },
    {
      "type": "Feature",
      "properties": {
        "@id": "node/5069073346",
        "addr:city": "Gbarnga",
        "amenity": "toilets",
        "fee": "no",
        "toilets:access": "customers",
        "toilets:disposal": "pitlatrine",
        "toilets:handwashing": "no"
      },
      "geometry": {
        "type": "Point",
        "coordinates": [
          -9.4792163,
          7.0072468
        ]
      },
      "id": "node/5069073346"
    },
    {
      "type": "Feature",
      "properties": {
        "@id": "node/5069073347",
        "addr:city": "Gbarnga",
        "amenity": "toilets",
        "fee": "no",
        "toilets:access": "permissive",
        "toilets:disposal": "flush",
        "toilets:handwashing": "no"
      },
      "geometry": {
        "type": "Point",
        "coordinates": [
          -9.4788419,
          7.0074491
        ]
      },
      "id": "node/5069073347"
    },
    {
      "type": "Feature",
      "properties": {
        "@id": "node/5069073348",
        "addr:city": "Gbarnga",
        "amenity": "toilets",
        "fee": "no",
        "toilets:access": "permissive",
        "toilets:disposal": "flush",
        "toilets:handwashing": "no"
      },
      "geometry": {
        "type": "Point",
        "coordinates": [
          -9.4779273,
          7.0079048
        ]
      },
      "id": "node/5069073348"
    },
    {
      "type": "Feature",
      "properties": {
        "@id": "node/5069073350",
        "addr:city": "Gbarnga",
        "amenity": "toilets",
        "fee": "no",
        "toilets:access": "permissive",
        "toilets:disposal": "flush",
        "toilets:handwashing": "no"
      },
      "geometry": {
        "type": "Point",
        "coordinates": [
          -9.4786737,
          7.0070042
        ]
      },
      "id": "node/5069073350"
    },
    {
      "type": "Feature",
      "properties": {
        "@id": "node/5069073352",
        "addr:city": "Gbarnga",
        "amenity": "toilets",
        "fee": "no",
        "toilets:access": "permissive",
        "toilets:disposal": "pitlatrine",
        "toilets:handwashing": "no"
      },
      "geometry": {
        "type": "Point",
        "coordinates": [
          -9.4787357,
          7.006958
        ]
      },
      "id": "node/5069073352"
    },
    {
      "type": "Feature",
      "properties": {
        "@id": "node/5071611691",
        "amenity": "toilets",
        "fee": "no",
        "toilets:access": "permissive",
        "toilets:disposal": "flush",
        "toilets:handwashing": "no"
      },
      "geometry": {
        "type": "Point",
        "coordinates": [
          -9.4864327,
          7.0150588
        ]
      },
      "id": "node/5071611691"
    },
    {
      "type": "Feature",
      "properties": {
        "@id": "node/5071611699",
        "addr:city": "Gbarnga",
        "amenity": "toilets",
        "fee": "no",
        "toilets:access": "permissive",
        "toilets:disposal": "pitlatrine",
        "toilets:handwashing": "no"
      },
      "geometry": {
        "type": "Point",
        "coordinates": [
          -9.4824823,
          7.0190781
        ]
      },
      "id": "node/5071611699"
    },
    {
      "type": "Feature",
      "properties": {
        "@id": "node/5071611700",
        "addr:city": "Gbarnga",
        "amenity": "toilets",
        "toilets:disposal": "flush"
      },
      "geometry": {
        "type": "Point",
        "coordinates": [
          -9.4823851,
          7.0189443
        ]
      },
      "id": "node/5071611700"
    },
    {
      "type": "Feature",
      "properties": {
        "@id": "node/5071611705",
        "addr:city": "Gbarnga",
        "amenity": "toilets",
        "fee": "no",
        "toilets:access": "permissive",
        "toilets:disposal": "flush",
        "toilets:handwashing": "no"
      },
      "geometry": {
        "type": "Point",
        "coordinates": [
          -9.4826418,
          7.01777
        ]
      },
      "id": "node/5071611705"
    },
    {
      "type": "Feature",
      "properties": {
        "@id": "node/5071611707",
        "addr:city": "Gbarnga",
        "amenity": "toilets",
        "fee": "no",
        "toilets:access": "permissive",
        "toilets:disposal": "flush",
        "toilets:handwashing": "no"
      },
      "geometry": {
        "type": "Point",
        "coordinates": [
          -9.4835483,
          7.0172298
        ]
      },
      "id": "node/5071611707"
    },
    {
      "type": "Feature",
      "properties": {
        "@id": "node/5071611708",
        "addr:city": "Gbarnga",
        "amenity": "toilets",
        "fee": "no",
        "toilets:access": "permissive",
        "toilets:disposal": "flush",
        "toilets:handwashing": "no"
      },
      "geometry": {
        "type": "Point",
        "coordinates": [
          -9.4836193,
          7.0173927
        ]
      },
      "id": "node/5071611708"
    },
    {
      "type": "Feature",
      "properties": {
        "@id": "node/5071611718",
        "addr:city": "Gbarnga",
        "amenity": "toilets",
        "fee": "no",
        "toilets:access": "permissive",
        "toilets:disposal": "flush",
        "toilets:handwashing": "no"
      },
      "geometry": {
        "type": "Point",
        "coordinates": [
          -9.4866165,
          7.0176384
        ]
      },
      "id": "node/5071611718"
    },
    {
      "type": "Feature",
      "properties": {
        "@id": "node/5071611720",
        "addr:city": "Gbarnga",
        "addr:street": "Gbarnga Phoebe highway",
        "amenity": "toilets",
        "fee": "no",
        "toilets:access": "permissive",
        "toilets:disposal": "pitlatrine",
        "toilets:handwashing": "no"
      },
      "geometry": {
        "type": "Point",
        "coordinates": [
          -9.4865951,
          7.015523
        ]
      },
      "id": "node/5071611720"
    },
    {
      "type": "Feature",
      "properties": {
        "@id": "node/5071611724",
        "addr:city": "Gbarnga",
        "addr:street": "Gbarnga Phoebe highway",
        "amenity": "toilets",
        "fee": "no",
        "toilets:access": "permissive",
        "toilets:disposal": "pitlatrine",
        "toilets:handwashing": "no"
      },
      "geometry": {
        "type": "Point",
        "coordinates": [
          -9.4882,
          7.0163202
        ]
      },
      "id": "node/5071611724"
    },
    {
      "type": "Feature",
      "properties": {
        "@id": "node/5071611731",
        "addr:city": "Gbarnga",
        "amenity": "toilets",
        "fee": "no",
        "toilets:access": "permissive",
        "toilets:disposal": "pitlatrine",
        "toilets:handwashing": "no"
      },
      "geometry": {
        "type": "Point",
        "coordinates": [
          -9.4866188,
          7.0145335
        ]
      },
      "id": "node/5071611731"
    },
    {
      "type": "Feature",
      "properties": {
        "@id": "node/5071611734",
        "addr:city": "Gbarnga",
        "amenity": "toilets",
        "fee": "no",
        "toilets:access": "permissive",
        "toilets:disposal": "pitlatrine",
        "toilets:handwashing": "no"
      },
      "geometry": {
        "type": "Point",
        "coordinates": [
          -9.4862853,
          7.0149281
        ]
      },
      "id": "node/5071611734"
    },
    {
      "type": "Feature",
      "properties": {
        "@id": "node/5071611739",
        "addr:city": "Gbarnga",
        "amenity": "toilets",
        "building": "yes",
        "building:levels": "1",
        "building:material": "brick",
        "fee": "no",
        "toilets:access": "customers",
        "toilets:disposal": "pitlatrine",
        "toilets:handwashing": "no"
      },
      "geometry": {
        "type": "Point",
        "coordinates": [
          -9.485516,
          7.0161597
        ]
      },
      "id": "node/5071611739"
    },
    {
      "type": "Feature",
      "properties": {
        "@id": "node/5071611740",
        "addr:city": "Gbarnga",
        "amenity": "toilets",
        "building": "yes",
        "building:levels": "1",
        "building:material": "brick",
        "fee": "no",
        "toilets:access": "permissive",
        "toilets:disposal": "pitlatrine",
        "toilets:handwashing": "no"
      },
      "geometry": {
        "type": "Point",
        "coordinates": [
          -9.4856308,
          7.0161948
        ]
      },
      "id": "node/5071611740"
    },
    {
      "type": "Feature",
      "properties": {
        "@id": "node/5071611741",
        "addr:city": "Gbarnga",
        "amenity": "toilets",
        "fee": "no",
        "toilets:access": "permissive",
        "toilets:disposal": "pitlatrine",
        "toilets:handwashing": "no"
      },
      "geometry": {
        "type": "Point",
        "coordinates": [
          -9.4849928,
          7.016063
        ]
      },
      "id": "node/5071611741"
    },
    {
      "type": "Feature",
      "properties": {
        "@id": "node/5071611745",
        "addr:city": "Gbarnga",
        "amenity": "toilets",
        "fee": "no",
        "toilets:access": "permissive",
        "toilets:disposal": "pitlatrine",
        "toilets:handwashing": "no"
      },
      "geometry": {
        "type": "Point",
        "coordinates": [
          -9.4848574,
          7.016418
        ]
      },
      "id": "node/5071611745"
    },
    {
      "type": "Feature",
      "properties": {
        "@id": "node/5071611746",
        "addr:city": "Gbarnga",
        "amenity": "toilets",
        "fee": "no",
        "toilets:access": "permissive",
        "toilets:disposal": "flush",
        "toilets:handwashing": "no"
      },
      "geometry": {
        "type": "Point",
        "coordinates": [
          -9.4850113,
          7.0163925
        ]
      },
      "id": "node/5071611746"
    },
    {
      "type": "Feature",
      "properties": {
        "@id": "node/5071611747",
        "addr:city": "Gbarnga",
        "amenity": "toilets",
        "fee": "no",
        "toilets:access": "permissive",
        "toilets:disposal": "pitlatrine",
        "toilets:handwashing": "no"
      },
      "geometry": {
        "type": "Point",
        "coordinates": [
          -9.4855885,
          7.0166725
        ]
      },
      "id": "node/5071611747"
    },
    {
      "type": "Feature",
      "properties": {
        "@id": "node/5071611748",
        "addr:city": "Gbarnga",
        "amenity": "toilets",
        "fee": "no",
        "toilets:access": "permissive",
        "toilets:disposal": "pitlatrine",
        "toilets:handwashing": "no"
      },
      "geometry": {
        "type": "Point",
        "coordinates": [
          -9.4855757,
          7.0166725
        ]
      },
      "id": "node/5071611748"
    },
    {
      "type": "Feature",
      "properties": {
        "@id": "node/5071611749",
        "addr:city": "Gbarnga",
        "amenity": "toilets",
        "building": "yes",
        "building:levels": "1",
        "building:material": "brick",
        "fee": "no",
        "toilets:access": "permissive",
        "toilets:disposal": "pitlatrine",
        "toilets:handwashing": "no"
      },
      "geometry": {
        "type": "Point",
        "coordinates": [
          -9.4854484,
          7.0167768
        ]
      },
      "id": "node/5071611749"
    },
    {
      "type": "Feature",
      "properties": {
        "@id": "node/5071611753",
        "addr:city": "Gbarnga",
        "amenity": "toilets",
        "fee": "no",
        "toilets:access": "permissive",
        "toilets:disposal": "pitlatrine",
        "toilets:handwashing": "no"
      },
      "geometry": {
        "type": "Point",
        "coordinates": [
          -9.4817236,
          7.0180819
        ]
      },
      "id": "node/5071611753"
    },
    {
      "type": "Feature",
      "properties": {
        "@id": "node/5071611755",
        "addr:city": "Gbarnga",
        "amenity": "toilets",
        "fee": "no",
        "toilets:access": "permissive",
        "toilets:disposal": "pitlatrine",
        "toilets:handwashing": "no"
      },
      "geometry": {
        "type": "Point",
        "coordinates": [
          -9.4831562,
          7.0171919
        ]
      },
      "id": "node/5071611755"
    },
    {
      "type": "Feature",
      "properties": {
        "@id": "node/5071611756",
        "addr:city": "Gbarnga",
        "amenity": "toilets",
        "fee": "no",
        "toilets:access": "permissive",
        "toilets:disposal": "pitlatrine",
        "toilets:handwashing": "no"
      },
      "geometry": {
        "type": "Point",
        "coordinates": [
          -9.4838941,
          7.0172352
        ]
      },
      "id": "node/5071611756"
    },
    {
      "type": "Feature",
      "properties": {
        "@id": "node/5071611757",
        "addr:city": "Gbarnga",
        "amenity": "toilets",
        "fee": "no",
        "toilets:access": "permissive",
        "toilets:disposal": "pitlatrine",
        "toilets:handwashing": "no"
      },
      "geometry": {
        "type": "Point",
        "coordinates": [
          -9.4840336,
          7.0171047
        ]
      },
      "id": "node/5071611757"
    },
    {
      "type": "Feature",
      "properties": {
        "@id": "node/5071611767",
        "addr:city": "Gbarnga",
        "amenity": "toilets",
        "building": "yes",
        "building:levels": "1",
        "building:material": "brick",
        "fee": "no",
        "toilets:access": "customers",
        "toilets:disposal": "pitlatrine",
        "toilets:handwashing": "no"
      },
      "geometry": {
        "type": "Point",
        "coordinates": [
          -9.4849597,
          7.0171879
        ]
      },
      "id": "node/5071611767"
    },
    {
      "type": "Feature",
      "properties": {
        "@id": "node/5071611771",
        "addr:city": "Gbarnga",
        "amenity": "toilets",
        "building": "yes",
        "building:levels": "1",
        "building:material": "brick",
        "fee": "no",
        "toilets:access": "permissive",
        "toilets:disposal": "pitlatrine",
        "toilets:handwashing": "no"
      },
      "geometry": {
        "type": "Point",
        "coordinates": [
          -9.4852413,
          7.0172398
        ]
      },
      "id": "node/5071611771"
    },
    {
      "type": "Feature",
      "properties": {
        "@id": "node/5071611775",
        "addr:city": "Gbarnga",
        "amenity": "toilets",
        "fee": "no",
        "toilets:access": "permissive",
        "toilets:disposal": "pitlatrine",
        "toilets:handwashing": "no",
        "waste": "solid waste"
      },
      "geometry": {
        "type": "Point",
        "coordinates": [
          -9.4862886,
          7.0149996
        ]
      },
      "id": "node/5071611775"
    },
    {
      "type": "Feature",
      "properties": {
        "@id": "node/5071611778",
        "addr:city": "Gbarnga",
        "amenity": "toilets",
        "fee": "no",
        "toilets:access": "permissive",
        "toilets:disposal": "pitlatrine",
        "toilets:handwashing": "no"
      },
      "geometry": {
        "type": "Point",
        "coordinates": [
          -9.4865441,
          7.0166149
        ]
      },
      "id": "node/5071611778"
    },
    {
      "type": "Feature",
      "properties": {
        "@id": "node/5071611780",
        "addr:city": "Gbarnga",
        "amenity": "toilets",
        "fee": "no",
        "toilets:access": "permissive",
        "toilets:disposal": "pitlatrine",
        "toilets:handwashing": "no"
      },
      "geometry": {
        "type": "Point",
        "coordinates": [
          -9.4866299,
          7.0170621
        ]
      },
      "id": "node/5071611780"
    },
    {
      "type": "Feature",
      "properties": {
        "@id": "node/5071611782",
        "addr:city": "Gbarnga",
        "amenity": "toilets",
        "fee": "no",
        "toilets:access": "permissive",
        "toilets:disposal": "pitlatrine",
        "toilets:handwashing": "no"
      },
      "geometry": {
        "type": "Point",
        "coordinates": [
          -9.4862652,
          7.0170196
        ]
      },
      "id": "node/5071611782"
    },
    {
      "type": "Feature",
      "properties": {
        "@id": "node/5071611786",
        "addr:city": "Gbarnga",
        "amenity": "toilets",
        "fee": "no",
        "toilets:disposal": "flush",
        "toilets:handwashing": "no"
      },
      "geometry": {
        "type": "Point",
        "coordinates": [
          -9.4864368,
          7.0174881
        ]
      },
      "id": "node/5071611786"
    },
    {
      "type": "Feature",
      "properties": {
        "@id": "node/5071611788",
        "addr:city": "Gbarnga",
        "amenity": "toilets",
        "fee": "no",
        "toilets:access": "permissive",
        "toilets:disposal": "pitlatrine",
        "toilets:handwashing": "no"
      },
      "geometry": {
        "type": "Point",
        "coordinates": [
          -9.4865978,
          7.0174561
        ]
      },
      "id": "node/5071611788"
    },
    {
      "type": "Feature",
      "properties": {
        "@id": "node/5071611789",
        "addr:city": "Gbarnga",
        "amenity": "toilets",
        "fee": "no",
        "toilets:access": "permissive",
        "toilets:disposal": "pitlatrine",
        "toilets:handwashing": "no"
      },
      "geometry": {
        "type": "Point",
        "coordinates": [
          -9.4868284,
          7.0171979
        ]
      },
      "id": "node/5071611789"
    },
    {
      "type": "Feature",
      "properties": {
        "@id": "node/5071611791",
        "addr:city": "Gbarnga",
        "amenity": "toilets",
        "fee": "no",
        "toilets:access": "permissive",
        "toilets:disposal": "pitlatrine",
        "toilets:handwashing": "no"
      },
      "geometry": {
        "type": "Point",
        "coordinates": [
          -9.487161,
          7.0171021
        ]
      },
      "id": "node/5071611791"
    },
    {
      "type": "Feature",
      "properties": {
        "@id": "node/5071611794",
        "addr:city": "Gbarnga",
        "amenity": "toilets",
        "building": "yes",
        "building:levels": "1",
        "building:material": "brick",
        "fee": "no",
        "toilets:access": "permissive",
        "toilets:disposal": "flush"
      },
      "geometry": {
        "type": "Point",
        "coordinates": [
          -9.487389,
          7.0168349
        ]
      },
      "id": "node/5071611794"
    },
    {
      "type": "Feature",
      "properties": {
        "@id": "node/5071611795",
        "addr:city": "Gbarnga",
        "amenity": "toilets",
        "fee": "no",
        "toilets:access": "permissive",
        "toilets:disposal": "pitlatrine",
        "toilets:handwashing": "no",
        "waste": "solid waste"
      },
      "geometry": {
        "type": "Point",
        "coordinates": [
          -9.4855214,
          7.0165487
        ]
      },
      "id": "node/5071611795"
    },
    {
      "type": "Feature",
      "properties": {
        "@id": "node/5071611798",
        "addr:city": "Gbarnga",
        "amenity": "toilets",
        "fee": "no",
        "toilets:access": "permissive",
        "toilets:disposal": "pitlatrine",
        "toilets:handwashing": "no",
        "waste": "solid waste"
      },
      "geometry": {
        "type": "Point",
        "coordinates": [
          -9.4850162,
          7.0167736
        ]
      },
      "id": "node/5071611798"
    },
    {
      "type": "Feature",
      "properties": {
        "@id": "node/5071611802",
        "addr:city": "Gbarnga",
        "amenity": "toilets",
        "fee": "no",
        "toilets:access": "permissive",
        "toilets:disposal": "pitlatrine",
        "toilets:handwashing": "yes"
      },
      "geometry": {
        "type": "Point",
        "coordinates": [
          -9.4868714,
          7.0154489
        ]
      },
      "id": "node/5071611802"
    },
    {
      "type": "Feature",
      "properties": {
        "@id": "node/5071611804",
        "addr:city": "Gbarnga",
        "amenity": "toilets",
        "fee": "no",
        "toilets:access": "customers",
        "toilets:disposal": "pitlatrine",
        "toilets:handwashing": "no"
      },
      "geometry": {
        "type": "Point",
        "coordinates": [
          -9.4873336,
          7.0163059
        ]
      },
      "id": "node/5071611804"
    },
    {
      "type": "Feature",
      "properties": {
        "@id": "node/5071611807",
        "addr:city": "Gbarnga",
        "amenity": "toilets",
        "fee": "no",
        "toilets:access": "permissive",
        "toilets:disposal": "pitlatrine",
        "toilets:handwashing": "no"
      },
      "geometry": {
        "type": "Point",
        "coordinates": [
          -9.4828904,
          7.0194436
        ]
      },
      "id": "node/5071611807"
    },
    {
      "type": "Feature",
      "properties": {
        "@id": "node/5071611808",
        "addr:city": "Gbarnga",
        "amenity": "toilets",
        "fee": "no",
        "toilets:access": "permissive",
        "toilets:disposal": "pitlatrine",
        "toilets:handwashing": "no",
        "waste": "solid waste"
      },
      "geometry": {
        "type": "Point",
        "coordinates": [
          -9.4830142,
          7.0193648
        ]
      },
      "id": "node/5071611808"
    },
    {
      "type": "Feature",
      "properties": {
        "@id": "node/5071611809",
        "addr:city": "Gbarnga",
        "amenity": "toilets",
        "building": "yes",
        "building:levels": "1",
        "building:material": "brick",
        "fee": "no",
        "toilets:access": "customers",
        "toilets:disposal": "pitlatrine",
        "toilets:handwashing": "no"
      },
      "geometry": {
        "type": "Point",
        "coordinates": [
          -9.4883463,
          7.016392
        ]
      },
      "id": "node/5071611809"
    },
    {
      "type": "Feature",
      "properties": {
        "@id": "node/5071611811",
        "amenity": "toilets",
        "fee": "no",
        "toilets:access": "permissive",
        "toilets:disposal": "pitlatrine",
        "toilets:handwashing": "no"
      },
      "geometry": {
        "type": "Point",
        "coordinates": [
          -9.4873594,
          7.0157738
        ]
      },
      "id": "node/5071611811"
    },
    {
      "type": "Feature",
      "properties": {
        "@id": "node/5071611812",
        "addr:city": "Gbarnga",
        "amenity": "toilets",
        "fee": "no",
        "toilets:access": "permissive",
        "toilets:disposal": "pitlatrine",
        "toilets:handwashing": "no",
        "waste": "solid waste"
      },
      "geometry": {
        "type": "Point",
        "coordinates": [
          -9.4819974,
          7.0190404
        ]
      },
      "id": "node/5071611812"
    },
    {
      "type": "Feature",
      "properties": {
        "@id": "node/5071611813",
        "addr:city": "Gbarnga",
        "amenity": "toilets",
        "fee": "no",
        "toilets:access": "permissive",
        "toilets:disposal": "pitlatrine",
        "toilets:handwashing": "no"
      },
      "geometry": {
        "type": "Point",
        "coordinates": [
          -9.4874789,
          7.0155705
        ]
      },
      "id": "node/5071611813"
    },
    {
      "type": "Feature",
      "properties": {
        "@id": "node/5071611819",
        "addr:city": "Gbarnga",
        "amenity": "toilets",
        "fee": "no",
        "toilets:access": "permissive",
        "toilets:disposal": "pitlatrine",
        "toilets:handwashing": "no"
      },
      "geometry": {
        "type": "Point",
        "coordinates": [
          -9.4870763,
          7.0154629
        ]
      },
      "id": "node/5071611819"
    },
    {
      "type": "Feature",
      "properties": {
        "@id": "node/5071611921",
        "addr:city": "Gbarnga",
        "amenity": "toilets",
        "fee": "no",
        "toilets:access": "permissive",
        "toilets:disposal": "pitlatrine",
        "toilets:handwashing": "no"
      },
      "geometry": {
        "type": "Point",
        "coordinates": [
          -9.4823056,
          7.0180394
        ]
      },
      "id": "node/5071611921"
    },
    {
      "type": "Feature",
      "properties": {
        "@id": "node/5071611922",
        "addr:city": "Gbarnga",
        "amenity": "toilets",
        "fee": "no",
        "toilets:access": "permissive",
        "toilets:disposal": "pitlatrine",
        "toilets:handwashing": "no"
      },
      "geometry": {
        "type": "Point",
        "coordinates": [
          -9.4869327,
          7.0151809
        ]
      },
      "id": "node/5071611922"
    },
    {
      "type": "Feature",
      "properties": {
        "@id": "node/5071611926",
        "addr:city": "Gbarnga",
        "amenity": "toilets",
        "fee": "no",
        "toilets:access": "permissive",
        "toilets:disposal": "pitlatrine",
        "toilets:handwashing": "no",
        "waste": "solid waste"
      },
      "geometry": {
        "type": "Point",
        "coordinates": [
          -9.4831726,
          7.017351
        ]
      },
      "id": "node/5071611926"
    },
    {
      "type": "Feature",
      "properties": {
        "@id": "node/5071611927",
        "addr:city": "Gbarnga",
        "amenity": "toilets",
        "fee": "no",
        "toilets:access": "permissive",
        "toilets:disposal": "pitlatrine",
        "toilets:handwashing": "no",
        "waste": "solid waste"
      },
      "geometry": {
        "type": "Point",
        "coordinates": [
          -9.4833751,
          7.0170622
        ]
      },
      "id": "node/5071611927"
    },
    {
      "type": "Feature",
      "properties": {
        "@id": "node/5071611929",
        "addr:city": "Gbarnga",
        "amenity": "toilets",
        "fee": "no",
        "toilets:access": "permissive",
        "toilets:disposal": "pitlatrine",
        "toilets:handwashing": "no",
        "waste": "solid waste"
      },
      "geometry": {
        "type": "Point",
        "coordinates": [
          -9.4837328,
          7.0170598
        ]
      },
      "id": "node/5071611929"
    },
    {
      "type": "Feature",
      "properties": {
        "@id": "node/5071611930",
        "addr:city": "Gbarnga",
        "amenity": "toilets",
        "fee": "no",
        "toilets:access": "permissive",
        "toilets:disposal": "pitlatrine",
        "toilets:handwashing": "no",
        "waste": "solid waste"
      },
      "geometry": {
        "type": "Point",
        "coordinates": [
          -9.4840825,
          7.0170649
        ]
      },
      "id": "node/5071611930"
    },
    {
      "type": "Feature",
      "properties": {
        "@id": "node/5071611931",
        "addr:city": "Gbarnga",
        "amenity": "toilets",
        "fee": "no",
        "toilets:access": "permissive",
        "toilets:disposal": "pitlatrine",
        "toilets:handwashing": "no"
      },
      "geometry": {
        "type": "Point",
        "coordinates": [
          -9.4844427,
          7.0172634
        ]
      },
      "id": "node/5071611931"
    },
    {
      "type": "Feature",
      "properties": {
        "@id": "node/5071611933",
        "addr:city": "Gbarnga",
        "amenity": "toilets",
        "fee": "no",
        "toilets:access": "permissive",
        "toilets:disposal": "pitlatrine",
        "toilets:handwashing": "no"
      },
      "geometry": {
        "type": "Point",
        "coordinates": [
          -9.4849368,
          7.0173923
        ]
      },
      "id": "node/5071611933"
    },
    {
      "type": "Feature",
      "properties": {
        "@id": "node/5071611934",
        "addr:city": "Gbarnga",
        "amenity": "toilets",
        "fee": "no",
        "toilets:access": "permissive",
        "toilets:disposal": "pitlatrine",
        "toilets:handwashing": "no",
        "waste": "solid waste"
      },
      "geometry": {
        "type": "Point",
        "coordinates": [
          -9.4853062,
          7.0175673
        ]
      },
      "id": "node/5071611934"
    },
    {
      "type": "Feature",
      "properties": {
        "@id": "node/5071611936",
        "addr:city": "Gbarnga",
        "amenity": "toilets",
        "fee": "no",
        "toilets:access": "permissive",
        "toilets:disposal": "pitlatrine",
        "toilets:handwashing": "no",
        "waste": "solid waste"
      },
      "geometry": {
        "type": "Point",
        "coordinates": [
          -9.4867244,
          7.016494
        ]
      },
      "id": "node/5071611936"
    },
    {
      "type": "Feature",
      "properties": {
        "@id": "node/5071611937",
        "addr:city": "Gbarnga",
        "amenity": "toilets",
        "fee": "no",
        "toilets:access": "permissive",
        "toilets:disposal": "pitlatrine",
        "toilets:handwashing": "no",
        "waste": "solid waste"
      },
      "geometry": {
        "type": "Point",
        "coordinates": [
          -9.4861633,
          7.0174885
        ]
      },
      "id": "node/5071611937"
    },
    {
      "type": "Feature",
      "properties": {
        "@id": "node/5071611938",
        "addr:city": "Gbarnga",
        "amenity": "toilets",
        "fee": "no",
        "toilets:access": "permissive",
        "toilets:disposal": "pitlatrine",
        "toilets:handwashing": "no",
        "waste": "solid waste"
      },
      "geometry": {
        "type": "Point",
        "coordinates": [
          -9.4868677,
          7.0179362
        ]
      },
      "id": "node/5071611938"
    },
    {
      "type": "Feature",
      "properties": {
        "@id": "node/5071611939",
        "addr:city": "Gbarnga",
        "amenity": "toilets",
        "fee": "no",
        "toilets:access": "permissive",
        "toilets:disposal": "pitlatrine",
        "toilets:handwashing": "no",
        "waste": "solid waste"
      },
      "geometry": {
        "type": "Point",
        "coordinates": [
          -9.4868408,
          7.0183173
        ]
      },
      "id": "node/5071611939"
    },
    {
      "type": "Feature",
      "properties": {
        "@id": "node/5071611940",
        "addr:city": "Gbarnga",
        "amenity": "toilets",
        "fee": "no",
        "toilets:access": "permissive",
        "toilets:disposal": "pitlatrine",
        "toilets:handwashing": "no"
      },
      "geometry": {
        "type": "Point",
        "coordinates": [
          -9.4868757,
          7.018226
        ]
      },
      "id": "node/5071611940"
    },
    {
      "type": "Feature",
      "properties": {
        "@id": "node/5071611941",
        "addr:city": "Gbarnga",
        "amenity": "toilets",
        "fee": "no",
        "toilets:access": "permissive",
        "toilets:disposal": "pitlatrine",
        "toilets:handwashing": "no",
        "waste": "solid waste"
      },
      "geometry": {
        "type": "Point",
        "coordinates": [
          -9.4874277,
          7.0174038
        ]
      },
      "id": "node/5071611941"
    },
    {
      "type": "Feature",
      "properties": {
        "@id": "node/5071611942",
        "addr:city": "Gbarnga",
        "amenity": "toilets",
        "fee": "no",
        "toilets:access": "permissive",
        "toilets:disposal": "pitlatrine",
        "toilets:handwashing": "no",
        "waste": "solid waste"
      },
      "geometry": {
        "type": "Point",
        "coordinates": [
          -9.4873743,
          7.0177613
        ]
      },
      "id": "node/5071611942"
    },
    {
      "type": "Feature",
      "properties": {
        "@id": "node/5071611945",
        "addr:city": "Gbarnga",
        "amenity": "toilets",
        "fee": "no",
        "toilets:access": "permissive",
        "toilets:disposal": "pitlatrine",
        "toilets:handwashing": "no"
      },
      "geometry": {
        "type": "Point",
        "coordinates": [
          -9.4876677,
          7.0166228
        ]
      },
      "id": "node/5071611945"
    },
    {
      "type": "Feature",
      "properties": {
        "@id": "node/5071611946",
        "addr:city": "Gbarnga",
        "amenity": "toilets",
        "fee": "no",
        "toilets:access": "permissive",
        "toilets:disposal": "pitlatrine",
        "toilets:handwashing": "no",
        "waste": "solid waste"
      },
      "geometry": {
        "type": "Point",
        "coordinates": [
          -9.4865554,
          7.015741
        ]
      },
      "id": "node/5071611946"
    },
    {
      "type": "Feature",
      "properties": {
        "@id": "node/5071611948",
        "addr:city": "Gbarnga",
        "amenity": "toilets",
        "fee": "no",
        "toilets:access": "permissive",
        "toilets:disposal": "pitlatrine",
        "toilets:handwashing": "no",
        "waste": "solid waste"
      },
      "geometry": {
        "type": "Point",
        "coordinates": [
          -9.4868043,
          7.0157541
        ]
      },
      "id": "node/5071611948"
    },
    {
      "type": "Feature",
      "properties": {
        "@id": "node/5071611949",
        "addr:city": "Gbarnga",
        "amenity": "toilets",
        "fee": "no",
        "toilets:access": "permissive",
        "toilets:disposal": "pitlatrine",
        "toilets:handwashing": "no",
        "waste": "solid waste"
      },
      "geometry": {
        "type": "Point",
        "coordinates": [
          -9.4871157,
          7.0159581
        ]
      },
      "id": "node/5071611949"
    },
    {
      "type": "Feature",
      "properties": {
        "@id": "node/5071611951",
        "addr:city": "Gbarnga",
        "amenity": "toilets",
        "fee": "no",
        "toilets:access": "permissive",
        "toilets:disposal": "pitlatrine",
        "toilets:handwashing": "no",
        "waste": "solid waste"
      },
      "geometry": {
        "type": "Point",
        "coordinates": [
          -9.4885506,
          7.0159198
        ]
      },
      "id": "node/5071611951"
    },
    {
      "type": "Feature",
      "properties": {
        "@id": "node/5071611952",
        "addr:city": "Gbarnga",
        "amenity": "toilets",
        "fee": "no",
        "toilets:access": "permissive",
        "toilets:disposal": "pitlatrine",
        "toilets:handwashing": "no"
      },
      "geometry": {
        "type": "Point",
        "coordinates": [
          -9.4882895,
          7.0158258
        ]
      },
      "id": "node/5071611952"
    },
    {
      "type": "Feature",
      "properties": {
        "@id": "node/5071611953",
        "addr:city": "Gbarnga",
        "amenity": "toilets",
        "fee": "no",
        "toilets:access": "permissive",
        "toilets:disposal": "pitlatrine",
        "toilets:handwashing": "no",
        "waste": "solid waste"
      },
      "geometry": {
        "type": "Point",
        "coordinates": [
          -9.4877693,
          7.015283
        ]
      },
      "id": "node/5071611953"
    },
    {
      "type": "Feature",
      "properties": {
        "@id": "node/5071611954",
        "addr:city": "Gbarnga",
        "amenity": "toilets",
        "fee": "no",
        "toilets:access": "permissive",
        "toilets:disposal": "pitlatrine",
        "toilets:handwashing": "no",
        "waste": "solid waste"
      },
      "geometry": {
        "type": "Point",
        "coordinates": [
          -9.4872164,
          7.0148675
        ]
      },
      "id": "node/5071611954"
    },
    {
      "type": "Feature",
      "properties": {
        "@id": "node/5140042310",
        "amenity": "toilets",
        "description": "on floor 1a",
        "wheelchair": "yes"
      },
      "geometry": {
        "type": "Point",
        "coordinates": [
          -73.9829644,
          40.6910611
        ]
      },
      "id": "node/5140042310"
    },
    {
      "type": "Feature",
      "properties": {
        "@id": "node/5141296751",
        "amenity": "toilets",
        "check_date": "2024-08-24"
      },
      "geometry": {
        "type": "Point",
        "coordinates": [
          -73.9658691,
          40.6721507
        ]
      },
      "id": "node/5141296751"
    },
    {
      "type": "Feature",
      "properties": {
        "@id": "node/5396699396",
        "amenity": "toilets"
      },
      "geometry": {
        "type": "Point",
        "coordinates": [
          -74.0193489,
          40.6354874
        ]
      },
      "id": "node/5396699396"
    },
    {
      "type": "Feature",
      "properties": {
        "@id": "node/5515477253",
        "amenity": "toilets",
        "check_date": "2024-11-07",
        "check_date:wheelchair": "2024-11-07",
        "wheelchair": "yes"
      },
      "geometry": {
        "type": "Point",
        "coordinates": [
          -74.0128931,
          40.6314276
        ]
      },
      "id": "node/5515477253"
    },
    {
      "type": "Feature",
      "properties": {
        "@id": "node/5650796541",
        "access": "customers",
        "amenity": "toilets",
        "changing_table": "yes",
        "fee": "no",
        "female": "yes",
        "male": "yes",
        "wheelchair": "yes"
      },
      "geometry": {
        "type": "Point",
        "coordinates": [
          -73.962118,
          40.663402
        ]
      },
      "id": "node/5650796541"
    },
    {
      "type": "Feature",
      "properties": {
        "@id": "node/5718054390",
        "amenity": "toilets",
        "fee": "no",
        "level": "0",
        "toilets:seasonal": "no",
        "toilets:unisex": "no"
      },
      "geometry": {
        "type": "Point",
        "coordinates": [
          -73.9905637,
          40.6984891
        ]
      },
      "id": "node/5718054390"
    },
    {
      "type": "Feature",
      "properties": {
        "@id": "node/5932291045",
        "access": "yes",
        "amenity": "toilets",
        "fee": "no",
        "female": "yes",
        "level": "0",
        "male": "yes",
        "unisex": "no"
      },
      "geometry": {
        "type": "Point",
        "coordinates": [
          -73.9846792,
          40.6729344
        ]
      },
      "id": "node/5932291045"
    },
    {
      "type": "Feature",
      "properties": {
        "@id": "node/5967511485",
        "access": "yes",
        "amenity": "toilets",
        "check_date": "2022-05-19",
        "fee": "no",
        "source": "local knowledge;survey",
        "toilets:disposal": "flush",
        "toilets:handwashing": "yes",
        "wheelchair": "yes"
      },
      "geometry": {
        "type": "Point",
        "coordinates": [
          -73.9831422,
          40.572594
        ]
      },
      "id": "node/5967511485"
    },
    {
      "type": "Feature",
      "properties": {
        "@id": "node/5976039215",
        "access": "yes",
        "amenity": "toilets",
        "check_date": "2024-11-07",
        "check_date:wheelchair": "2024-11-07",
        "fee": "no",
        "unisex": "yes",
        "wheelchair": "yes"
      },
      "geometry": {
        "type": "Point",
        "coordinates": [
          -74.0050303,
          40.6476814
        ]
      },
      "id": "node/5976039215"
    },
    {
      "type": "Feature",
      "properties": {
        "@id": "node/6453160587",
        "amenity": "toilets",
        "toilets:disposal": "chemical",
        "toilets:unisex": "yes"
      },
      "geometry": {
        "type": "Point",
        "coordinates": [
          -73.9755785,
          40.6603722
        ]
      },
      "id": "node/6453160587"
    },
    {
      "type": "Feature",
      "properties": {
        "@id": "node/6516604777",
        "access": "permissive",
        "amenity": "toilets",
        "wheelchair": "no"
      },
      "geometry": {
        "type": "Point",
        "coordinates": [
          -73.9823197,
          40.647365
        ]
      },
      "id": "node/6516604777"
    },
    {
      "type": "Feature",
      "properties": {
        "@id": "node/6587712722",
        "access": "yes",
        "amenity": "toilets",
        "fee": "no",
        "toilets:disposal": "chemical",
        "toilets:unisex": "yes",
        "unisex": "yes"
      },
      "geometry": {
        "type": "Point",
        "coordinates": [
          -73.9768353,
          40.6640368
        ]
      },
      "id": "node/6587712722"
    },
    {
      "type": "Feature",
      "properties": {
        "@id": "node/6641325927",
        "amenity": "toilets",
        "toilets:disposal": "chemical",
        "toilets:unisex": "yes"
      },
      "geometry": {
        "type": "Point",
        "coordinates": [
          -73.9774792,
          40.6633096
        ]
      },
      "id": "node/6641325927"
    },
    {
      "type": "Feature",
      "properties": {
        "@id": "node/7091115812",
        "access": "customers",
        "amenity": "toilets",
        "fee": "no",
        "toilets:disposal": "flush",
        "unisex": "yes"
      },
      "geometry": {
        "type": "Point",
        "coordinates": [
          -73.9617211,
          40.7169728
        ]
      },
      "id": "node/7091115812"
    },
    {
      "type": "Feature",
      "properties": {
        "@id": "node/7097859686",
        "amenity": "toilets",
        "fee": "no",
        "indoor": "yes"
      },
      "geometry": {
        "type": "Point",
        "coordinates": [
          -73.9913344,
          40.7036607
        ]
      },
      "id": "node/7097859686"
    },
    {
      "type": "Feature",
      "properties": {
        "@id": "node/7103319772",
        "amenity": "toilets",
        "male": "yes"
      },
      "geometry": {
        "type": "Point",
        "coordinates": [
          -73.9650578,
          40.6659293
        ]
      },
      "id": "node/7103319772"
    },
    {
      "type": "Feature",
      "properties": {
        "@id": "node/7103319773",
        "amenity": "toilets",
        "female": "yes"
      },
      "geometry": {
        "type": "Point",
        "coordinates": [
          -73.964953,
          40.6659707
        ]
      },
      "id": "node/7103319773"
    },
    {
      "type": "Feature",
      "properties": {
        "@id": "node/7540410279",
        "amenity": "toilets",
        "toilets:disposal": "chemical",
        "toilets:type": "mobile"
      },
      "geometry": {
        "type": "Point",
        "coordinates": [
          -73.874478,
          40.6451123
        ]
      },
      "id": "node/7540410279"
    },
    {
      "type": "Feature",
      "properties": {
        "@id": "node/7816369557",
        "amenity": "toilets",
        "male": "yes",
        "toilets:disposal": "flush"
      },
      "geometry": {
        "type": "Point",
        "coordinates": [
          -74.0167544,
          40.6266218
        ]
      },
      "id": "node/7816369557"
    },
    {
      "type": "Feature",
      "properties": {
        "@id": "node/7816369558",
        "amenity": "toilets",
        "female": "yes",
        "toilets:disposal": "flush"
      },
      "geometry": {
        "type": "Point",
        "coordinates": [
          -74.0166466,
          40.6265628
        ]
      },
      "id": "node/7816369558"
    },
    {
      "type": "Feature",
      "properties": {
        "@id": "node/8400580171",
        "amenity": "toilets",
        "level": "1",
        "toilets:unisex": "yes"
      },
      "geometry": {
        "type": "Point",
        "coordinates": [
          -74.0043444,
          40.6593473
        ]
      },
      "id": "node/8400580171"
    },
    {
      "type": "Feature",
      "properties": {
        "@id": "node/8713391047",
        "amenity": "toilets",
        "toilets:disposal": "chemical",
        "toilets:unisex": "yes",
        "wheelchair": "no"
      },
      "geometry": {
        "type": "Point",
        "coordinates": [
          -73.973279,
          40.6578061
        ]
      },
      "id": "node/8713391047"
    },
    {
      "type": "Feature",
      "properties": {
        "@id": "node/8890611438",
        "amenity": "toilets"
      },
      "geometry": {
        "type": "Point",
        "coordinates": [
          -81.7392463,
          41.4380997
        ]
      },
      "id": "node/8890611438"
    },
    {
      "type": "Feature",
      "properties": {
        "@id": "node/8981032239",
        "amenity": "toilets",
        "opening_hours": "Mo-Su 08:00-16:00",
        "toilets:unisex": "no"
      },
      "geometry": {
        "type": "Point",
        "coordinates": [
          -74.029398,
          40.6145429
        ]
      },
      "id": "node/8981032239"
    },
    {
      "type": "Feature",
      "properties": {
        "@id": "node/9140476910",
        "access": "private",
        "amenity": "toilets"
      },
      "geometry": {
        "type": "Point",
        "coordinates": [
          -73.9605073,
          40.7287427
        ]
      },
      "id": "node/9140476910"
    },
    {
      "type": "Feature",
      "properties": {
        "@id": "node/9426304534",
        "access": "yes",
        "amenity": "toilets",
        "unisex": "yes"
      },
      "geometry": {
        "type": "Point",
        "coordinates": [
          -73.9990911,
          40.6957413
        ]
      },
      "id": "node/9426304534"
    },
    {
      "type": "Feature",
      "properties": {
        "@id": "node/9426304535",
        "access": "yes",
        "amenity": "toilets",
        "unisex": "yes",
        "wheelchair": "yes"
      },
      "geometry": {
        "type": "Point",
        "coordinates": [
          -73.9962602,
          40.7008646
        ]
      },
      "id": "node/9426304535"
    },
    {
      "type": "Feature",
      "properties": {
        "@id": "node/9426345352",
        "access": "permissive",
        "amenity": "toilets",
        "unisex": "yes"
      },
      "geometry": {
        "type": "Point",
        "coordinates": [
          -74.0007644,
          40.6927464
        ]
      },
      "id": "node/9426345352"
    },
    {
      "type": "Feature",
      "properties": {
        "@id": "node/9677771636",
        "amenity": "toilets",
        "toilets:disposal": "flush"
      },
      "geometry": {
        "type": "Point",
        "coordinates": [
          -73.9420159,
          40.6787974
        ]
      },
      "id": "node/9677771636"
    },
    {
      "type": "Feature",
      "properties": {
        "@id": "node/9685588597",
        "amenity": "toilets"
      },
      "geometry": {
        "type": "Point",
        "coordinates": [
          -73.9474654,
          40.6383942
        ]
      },
      "id": "node/9685588597"
    },
    {
      "type": "Feature",
      "properties": {
        "@id": "node/9709717399",
        "access": "yes",
        "amenity": "toilets",
        "fee": "no",
        "male": "yes",
        "toilets:disposal": "flush"
      },
      "geometry": {
        "type": "Point",
        "coordinates": [
          -73.9437019,
          40.576884
        ]
      },
      "id": "node/9709717399"
    },
    {
      "type": "Feature",
      "properties": {
        "@id": "node/9709717400",
        "access": "yes",
        "amenity": "toilets",
        "fee": "no",
        "female": "yes",
        "gender_segregated": "yes",
        "toilets:disposal": "flush",
        "toilets:handwashing": "yes",
        "toilets:position": "seated;urinal"
      },
      "geometry": {
        "type": "Point",
        "coordinates": [
          -73.9444401,
          40.5767997
        ]
      },
      "id": "node/9709717400"
    },
    {
      "type": "Feature",
      "properties": {
        "@id": "node/9831988645",
        "access": "yes",
        "amenity": "toilets",
        "fee": "no",
        "level": "0",
        "unisex": "yes",
        "wheelchair": "no"
      },
      "geometry": {
        "type": "Point",
        "coordinates": [
          -73.9943963,
          40.6581356
        ]
      },
      "id": "node/9831988645"
    },
    {
      "type": "Feature",
      "properties": {
        "@id": "node/9904942362",
        "amenity": "toilets"
      },
      "geometry": {
        "type": "Point",
        "coordinates": [
          -73.8811246,
          40.6864646
        ]
      },
      "id": "node/9904942362"
    },
    {
      "type": "Feature",
      "properties": {
        "@id": "node/9939213717",
        "amenity": "toilets",
        "opening_hours": "Mo-Su 08:00-16:00"
      },
      "geometry": {
        "type": "Point",
        "coordinates": [
          -73.9682935,
          40.6507528
        ]
      },
      "id": "node/9939213717"
    },
    {
      "type": "Feature",
      "properties": {
        "@id": "node/10565922787",
        "access": "yes",
        "amenity": "toilets",
        "wheelchair": "yes"
      },
      "geometry": {
        "type": "Point",
        "coordinates": [
          -73.9955707,
          40.5784993
        ]
      },
      "id": "node/10565922787"
    },
    {
      "type": "Feature",
      "properties": {
        "@id": "node/10573934777",
        "amenity": "toilets",
        "toilets:unisex": "no",
        "wheelchair": "yes"
      },
      "geometry": {
        "type": "Point",
        "coordinates": [
          -73.9467222,
          40.68984
        ]
      },
      "id": "node/10573934777"
    },
    {
      "type": "Feature",
      "properties": {
        "@id": "node/10636114286",
        "amenity": "toilets",
        "description": "Get the key from the general store (with same opening hours).",
        "opening_hours": "Mo-Su 06:00-17:00"
      },
      "geometry": {
        "type": "Point",
        "coordinates": [
          151.2079071,
          -33.5482509
        ]
      },
      "id": "node/10636114286"
    },
    {
      "type": "Feature",
      "properties": {
        "@id": "node/10673927127",
        "amenity": "toilets",
        "male": "yes",
        "wheelchair": "limited"
      },
      "geometry": {
        "type": "Point",
        "coordinates": [
          -73.9373547,
          40.7160089
        ]
      },
      "id": "node/10673927127"
    },
    {
      "type": "Feature",
      "properties": {
        "@id": "node/10751166819",
        "amenity": "toilets"
      },
      "geometry": {
        "type": "Point",
        "coordinates": [
          -73.9246037,
          40.702889
        ]
      },
      "id": "node/10751166819"
    },
    {
      "type": "Feature",
      "properties": {
        "@id": "node/10754122133",
        "access": "private",
        "amenity": "toilets"
      },
      "geometry": {
        "type": "Point",
        "coordinates": [
          -73.9251085,
          40.7111408
        ]
      },
      "id": "node/10754122133"
    },
    {
      "type": "Feature",
      "properties": {
        "@id": "node/10887653406",
        "amenity": "toilets"
      },
      "geometry": {
        "type": "Point",
        "coordinates": [
          -73.9639644,
          40.7152648
        ]
      },
      "id": "node/10887653406"
    },
    {
      "type": "Feature",
      "properties": {
        "@id": "node/10959393835",
        "amenity": "toilets",
        "portable": "yes",
        "toilets:disposal": "chemical"
      },
      "geometry": {
        "type": "Point",
        "coordinates": [
          -74.005319,
          40.6843939
        ]
      },
      "id": "node/10959393835"
    },
    {
      "type": "Feature",
      "properties": {
        "@id": "node/11057333419",
        "access": "yes",
        "amenity": "toilets",
        "male": "yes",
        "wheelchair": "yes"
      },
      "geometry": {
        "type": "Point",
        "coordinates": [
          -73.9393107,
          40.7018179
        ]
      },
      "id": "node/11057333419"
    },
    {
      "type": "Feature",
      "properties": {
        "@id": "node/11057333420",
        "access": "yes",
        "amenity": "toilets",
        "female": "yes",
        "wheelchair": "yes"
      },
      "geometry": {
        "type": "Point",
        "coordinates": [
          -73.9394222,
          40.7018074
        ]
      },
      "id": "node/11057333420"
    },
    {
      "type": "Feature",
      "properties": {
        "@id": "node/11069869480",
        "access": "customers",
        "amenity": "toilets",
        "fee": "no",
        "toilets:disposal": "chemical",
        "unisex": "yes"
      },
      "geometry": {
        "type": "Point",
        "coordinates": [
          -73.954026,
          40.7228211
        ]
      },
      "id": "node/11069869480"
    },
    {
      "type": "Feature",
      "properties": {
        "@id": "node/11112381528",
        "amenity": "toilets"
      },
      "geometry": {
        "type": "Point",
        "coordinates": [
          -74.0087235,
          40.6772418
        ]
      },
      "id": "node/11112381528"
    },
    {
      "type": "Feature",
      "properties": {
        "@id": "node/11225912493",
        "amenity": "toilets",
        "toilets:disposal": "pitlatrine"
      },
      "geometry": {
        "type": "Point",
        "coordinates": [
          151.2083724,
          -33.5548401
        ]
      },
      "id": "node/11225912493"
    },
    {
      "type": "Feature",
      "properties": {
        "@id": "node/11228149337",
        "access": "yes",
        "amenity": "toilets",
        "toilets:disposal": "flush",
        "toilets:position": "seated;urinal",
        "unisex": "yes"
      },
      "geometry": {
        "type": "Point",
        "coordinates": [
          -73.9843547,
          40.6564545
        ]
      },
      "id": "node/11228149337"
    },
    {
      "type": "Feature",
      "properties": {
        "@id": "node/11740095259",
        "amenity": "toilets"
      },
      "geometry": {
        "type": "Point",
        "coordinates": [
          -73.9859721,
          40.6966718
        ]
      },
      "id": "node/11740095259"
    },
    {
      "type": "Feature",
      "properties": {
        "@id": "node/11838414737",
        "access": "yes",
        "amenity": "toilets",
        "changing_table": "yes",
        "check_date": "2024-04-22",
        "fee": "no",
        "female": "yes",
        "male": "yes",
        "opening_hours": "08:00-16:00",
        "portable": "no",
        "toilets:disposal": "flush",
        "toilets:handwashing": "yes",
        "toilets:position": "seated;urinal",
        "wheelchair": "yes"
      },
      "geometry": {
        "type": "Point",
        "coordinates": [
          -73.9920709,
          40.5853235
        ]
      },
      "id": "node/11838414737"
    },
    {
      "type": "Feature",
      "properties": {
        "@id": "node/11899409296",
        "amenity": "toilets"
      },
      "geometry": {
        "type": "Point",
        "coordinates": [
          -73.9622552,
          40.6673522
        ]
      },
      "id": "node/11899409296"
    },
    {
      "type": "Feature",
      "properties": {
        "@id": "node/11967763172",
        "access": "yes",
        "amenity": "toilets",
        "changing_table": "yes",
        "check_date": "2025-05-18",
        "toilets:disposal": "flush",
        "toilets:handwashing": "yes",
        "wheelchair": "yes"
      },
      "geometry": {
        "type": "Point",
        "coordinates": [
          -73.9893524,
          40.7040885
        ]
      },
      "id": "node/11967763172"
    },
    {
      "type": "Feature",
      "properties": {
        "@id": "node/12248356096",
        "access": "yes",
        "amenity": "toilets",
        "toilets:disposal": "flush",
        "unisex": "yes"
      },
      "geometry": {
        "type": "Point",
        "coordinates": [
          -73.9922251,
          40.7036606
        ]
      },
      "id": "node/12248356096"
    },
    {
      "type": "Feature",
      "properties": {
        "@id": "node/12319792515",
        "amenity": "toilets",
        "toilets:disposal": "chemical"
      },
      "geometry": {
        "type": "Point",
        "coordinates": [
          -74.0180251,
          40.6756344
        ]
      },
      "id": "node/12319792515"
    },
    {
      "type": "Feature",
      "properties": {
        "@id": "node/12456337934",
        "access": "yes",
        "amenity": "toilets",
        "check_date": "2024-12-27"
      },
      "geometry": {
        "type": "Point",
        "coordinates": [
          -73.967464,
          40.7141162
        ]
      },
      "id": "node/12456337934"
    },
    {
      "type": "Feature",
      "properties": {
        "@id": "node/12677342801",
        "amenity": "toilets"
      },
      "geometry": {
        "type": "Point",
        "coordinates": [
          -74.0023176,
          40.654197
        ]
      },
      "id": "node/12677342801"
    },
    {
      "type": "Feature",
      "properties": {
        "@id": "node/12732311516",
        "amenity": "toilets",
        "fee": "no",
        "wheelchair": "yes"
      },
      "geometry": {
        "type": "Point",
        "coordinates": [
          -73.9815874,
          40.5752657
        ]
      },
      "id": "node/12732311516"
    },
    {
      "type": "Feature",
      "properties": {
        "@id": "node/12873793220",
        "access": "yes",
        "amenity": "toilets",
        "unisex": "yes",
        "wheelchair": "yes"
      },
      "geometry": {
        "type": "Point",
        "coordinates": [
          -73.9091731,
          40.6927638
        ]
      },
      "id": "node/12873793220"
    },
    {
      "type": "Feature",
      "properties": {
        "@id": "node/12874407085",
        "access": "yes",
        "amenity": "toilets"
      },
      "geometry": {
        "type": "Point",
        "coordinates": [
          -73.8994741,
          40.6467809
        ]
      },
      "id": "node/12874407085"
    },
    {
      "type": "Feature",
      "properties": {
        "@id": "node/12874407090",
        "access": "yes",
        "amenity": "toilets"
      },
      "geometry": {
        "type": "Point",
        "coordinates": [
          -73.9140379,
          40.6492307
        ]
      },
      "id": "node/12874407090"
    },
    {
      "type": "Feature",
      "properties": {
        "@id": "node/12874407095",
        "access": "yes",
        "amenity": "toilets"
      },
      "geometry": {
        "type": "Point",
        "coordinates": [
          -73.9232404,
          40.6433336
        ]
      },
      "id": "node/12874407095"
    },
    {
      "type": "Feature",
      "properties": {
        "@id": "node/12874407096",
        "access": "yes",
        "amenity": "toilets"
      },
      "geometry": {
        "type": "Point",
        "coordinates": [
          -73.9313871,
          40.6479045
        ]
      },
      "id": "node/12874407096"
    },
    {
      "type": "Feature",
      "properties": {
        "@id": "node/12874407099",
        "amenity": "toilets"
      },
      "geometry": {
        "type": "Point",
        "coordinates": [
          -73.9239219,
          40.6326826
        ]
      },
      "id": "node/12874407099"
    },
    {
      "type": "Feature",
      "properties": {
        "@id": "node/12874417839",
        "access": "yes",
        "amenity": "toilets"
      },
      "geometry": {
        "type": "Point",
        "coordinates": [
          -73.9200866,
          40.6366593
        ]
      },
      "id": "node/12874417839"
    },
    {
      "type": "Feature",
      "properties": {
        "@id": "node/12874417840",
        "access": "yes",
        "amenity": "toilets"
      },
      "geometry": {
        "type": "Point",
        "coordinates": [
          -73.9176099,
          40.640797
        ]
      },
      "id": "node/12874417840"
    },
    {
      "type": "Feature",
      "properties": {
        "@id": "node/12877121132",
        "amenity": "toilets"
      },
      "geometry": {
        "type": "Point",
        "coordinates": [
          -73.9467592,
          40.5978849
        ]
      },
      "id": "node/12877121132"
    },
    {
      "type": "Feature",
      "properties": {
        "@id": "node/13029629542",
        "access": "yes",
        "amenity": "toilets"
      },
      "geometry": {
        "type": "Point",
        "coordinates": [
          -73.9954384,
          40.7026608
        ]
      },
      "id": "node/13029629542"
    },
    {
      "type": "Feature",
      "properties": {
        "@id": "node/13202631900",
        "amenity": "toilets",
        "opening_hours": "Mo-Su 08:00-16:00+ \"open later seasonally\"",
        "toilets:unisex": "no",
        "wheelchair": "yes"
      },
      "geometry": {
        "type": "Point",
        "coordinates": [
          -74.0077641,
          40.6727478
        ]
      },
      "id": "node/13202631900"
    },
    {
      "type": "Feature",
      "properties": {
        "@id": "node/13239873972",
        "amenity": "toilets"
      },
      "geometry": {
        "type": "Point",
        "coordinates": [
          -73.9369509,
          40.7235659
        ]
      },
      "id": "node/13239873972"
    },
    {
      "type": "Feature",
      "properties": {
        "@id": "node/13719652212",
        "access": "yes",
        "amenity": "toilets",
        "fee": "no"
      },
      "geometry": {
        "type": "Point",
        "coordinates": [
          -73.989996,
          40.7027685
        ]
      },
      "id": "node/13719652212"
    }
  ]
}